item,cond,lid,t,world
desync-00000,A6,W3-live-00,16,W3
desync-00001,A5,W3-live-01,32,W3
desync-00002,F2,W3-live-01,26,W3
desync-00003,F4,W4-32-live-00,15,W4-32
desync-00004,F2,W4-32-live-01,3,W4-32
desync-00005,F1,W4-32-live-01,29,W4-32
desync-00006,A5,W2a-live-01,3,W2a
desync-00007,A5,W2b-live-00,19,W2b
desync-00008,F4,W1-live-00,21,W1
desync-00009,A5,W3-live-01,26,W3
desync-00010,F4,W4-32-live-01,30,W4-32
desync-00011,A6,W4-128-live-00,24,W4-128
desync-00012,F2,W3-live-00,23,W3
desync-00013,F1,W2c-live-00,23,W2c
desync-00014,F2,W4-32-live-00,27,W4-32
desync-00015,A5,W3-live-00,12,W3
desync-00016,F2,W1-live-00,11,W1
desync-00017,F1,W2c-live-01,21,W2c
desync-00018,F1,W4-32-live-01,30,W4-32
desync-00019,F2,W4-128-live-00,30,W4-128
desync-00020,F4,W2a-live-00,27,W2a
desync-00021,F2,W2b-live-01,37,W2b
desync-00022,F2,W1-live-01,11,W1
desync-00023,F1,W3-live-01,3,W3
desync-00024,F4,W2b-live-00,16,W2b
desync-00025,F3,W4-128-live-01,29,W4-128
desync-00026,A6,W4-128-live-01,8,W4-128
desync-00027,F4,W2c-live-00,19,W2c
desync-00028,F3,W1-live-01,32,W1
desync-00029,F4,W1-live-01,32,W1
desync-00030,A6,W2a-live-01,12,W2a
desync-00031,F1,W2a-live-01,7,W2a
desync-00032,F4,W2a-live-01,37,W2a
desync-00033,F2,W1-live-01,21,W1
desync-00034,A5,W2b-live-01,21,W2b
desync-00035,A6,W2a-live-01,1,W2a
desync-00036,F3,W4-128-live-01,8,W4-128
desync-00037,F4,W2a-live-00,33,W2a
desync-00038,F3,W4-32-live-00,37,W4-32
desync-00039,F2,W2c-live-00,15,W2c
desync-00040,F3,W4-128-live-01,39,W4-128
desync-00041,F4,W4-32-live-01,39,W4-32
desync-00042,A6,W2b-live-00,33,W2b
desync-00043,A6,W1-live-00,22,W1
desync-00044,F2,W2b-live-01,31,W2b
desync-00045,F3,W1-live-00,17,W1
desync-00046,F1,W2a-live-00,15,W2a
desync-00047,A5,W1-live-01,11,W1
desync-00048,A5,W3-live-00,35,W3
desync-00049,F1,W2a-live-01,16,W2a
desync-00050,A5,W2b-live-01,37,W2b
desync-00051,A5,W2b-live-01,11,W2b
desync-00052,F2,W3-live-01,18,W3
desync-00053,F3,W2c-live-01,33,W2c
desync-00054,F1,W4-32-live-00,11,W4-32
desync-00055,F4,W2c-live-01,11,W2c
desync-00056,F1,W3-live-00,1,W3
desync-00057,F1,W1-live-01,32,W1
desync-00058,F2,W3-live-00,35,W3
desync-00059,F2,W4-128-live-01,19,W4-128
desync-00060,F3,W2b-live-00,3,W2b
desync-00061,F1,W2a-live-00,22,W2a
desync-00062,A5,W1-live-00,37,W1
desync-00063,F1,W2c-live-00,37,W2c
desync-00064,F1,W2a-live-01,32,W2a
desync-00065,A6,W4-32-live-01,19,W4-32
desync-00066,A6,W2a-live-00,11,W2a
desync-00067,A6,W2c-live-01,32,W2c
desync-00068,F4,W4-128-live-00,18,W4-128
desync-00069,F1,W3-live-00,23,W3
desync-00070,A5,W4-128-live-00,3,W4-128
desync-00071,F3,W4-128-live-01,30,W4-128
desync-00072,F3,W2a-live-00,15,W2a
desync-00073,F4,W4-32-live-01,8,W4-32
desync-00074,F3,W4-128-live-00,24,W4-128
desync-00075,A6,W1-live-01,28,W1
desync-00076,F1,W3-live-00,12,W3
desync-00077,F1,W2b-live-00,27,W2b
desync-00078,A5,W4-128-live-00,9,W4-128
desync-00079,A6,W4-128-live-01,39,W4-128
desync-00080,F3,W4-128-live-00,9,W4-128
desync-00081,F4,W2b-live-00,32,W2b
desync-00082,F4,W4-32-live-00,7,W4-32
desync-00083,F1,W2a-live-00,7,W2a
desync-00084,A5,W2a-live-00,23,W2a
desync-00085,F3,W2c-live-00,37,W2c
desync-00086,A5,W3-live-00,1,W3
desync-00087,F2,W2b-live-00,23,W2b
desync-00088,F1,W2b-live-01,19,W2b
desync-00089,A6,W2a-live-01,35,W2a
desync-00090,F3,W4-32-live-01,19,W4-32
desync-00091,A6,W2b-live-00,27,W2b
desync-00092,F3,W2b-live-00,18,W2b
desync-00093,A5,W4-128-live-01,19,W4-128
desync-00094,F4,W1-live-01,11,W1
desync-00095,F3,W3-live-00,26,W3
desync-00096,F4,W2b-live-01,31,W2b
desync-00097,A6,W3-live-00,32,W3
desync-00098,A5,W2c-live-01,7,W2c
desync-00099,A5,W3-live-01,7,W3
desync-00100,F4,W3-live-00,1,W3
desync-00101,F3,W2c-live-01,27,W2c
desync-00102,A6,W4-32-live-00,19,W4-32
desync-00103,F1,W4-32-live-01,8,W4-32
desync-00104,F3,W2a-live-00,22,W2a
desync-00105,A5,W4-32-live-01,29,W4-32
desync-00106,A5,W2a-live-00,37,W2a
desync-00107,F2,W2b-live-01,11,W2b
desync-00108,F3,W3-live-01,23,W3
desync-00109,F2,W2b-live-00,37,W2b
desync-00110,A6,W3-live-01,23,W3
desync-00111,F1,W2c-live-01,37,W2c
desync-00112,F2,W3-live-01,16,W3
desync-00113,F2,W4-128-live-00,39,W4-128
desync-00114,A6,W1-live-01,17,W1
desync-00115,F4,W4-128-live-00,24,W4-128
desync-00116,A6,W4-128-live-01,30,W4-128
desync-00117,A6,W3-live-00,7,W3
desync-00118,F4,W4-128-live-00,9,W4-128
desync-00119,F1,W3-live-00,35,W3
desync-00120,F4,W4-128-live-01,19,W4-128
desync-00121,F1,W1-live-00,28,W1
desync-00122,F1,W2c-live-01,11,W2c
desync-00123,F2,W2a-live-01,18,W2a
desync-00124,A5,W4-128-live-00,18,W4-128
desync-00125,A6,W2b-live-01,31,W2b
desync-00126,A6,W2c-live-00,3,W2c
desync-00127,F1,W1-live-00,17,W1
desync-00128,A5,W1-live-00,11,W1
desync-00129,F2,W4-128-live-00,8,W4-128
desync-00130,A6,W2b-live-01,11,W2b
desync-00131,A6,W3-live-00,26,W3
desync-00132,F3,W3-live-00,7,W3
desync-00133,F2,W4-128-live-00,29,W4-128
desync-00134,F4,W3-live-00,12,W3
desync-00135,F2,W4-32-live-00,33,W4-32
desync-00136,F2,W2c-live-01,21,W2c
desync-00137,A5,W3-live-01,16,W3
desync-00138,F1,W4-128-live-00,24,W4-128
desync-00139,F3,W3-live-00,18,W3
desync-00140,A6,W1-live-00,15,W1
desync-00141,F3,W2a-live-01,11,W2a
desync-00142,F1,W3-live-01,18,W3
desync-00143,A6,W4-128-live-00,3,W4-128
desync-00144,F1,W2b-live-00,23,W2b
desync-00145,F4,W2c-live-01,37,W2c
desync-00146,A6,W4-128-live-00,18,W4-128
desync-00147,F4,W4-128-live-00,3,W4-128
desync-00148,F2,W4-32-live-01,18,W4-32
desync-00149,F3,W4-128-live-00,3,W4-128
desync-00150,F4,W2b-live-00,18,W2b
desync-00151,F3,W4-32-live-00,23,W4-32
desync-00152,F1,W2a-live-01,18,W2a
desync-00153,A5,W3-live-01,18,W3
desync-00154,F3,W3-live-01,35,W3
desync-00155,A6,W4-128-live-01,29,W4-128
desync-00156,F4,W2b-live-00,26,W2b
desync-00157,F3,W2a-live-01,31,W2a
desync-00158,F1,W4-128-live-00,3,W4-128
desync-00159,F4,W3-live-00,35,W3
desync-00160,F2,W3-live-00,1,W3
desync-00161,F4,W2a-live-01,23,W2a
desync-00162,A6,W2b-live-01,37,W2b
desync-00163,A5,W4-32-live-01,39,W4-32
desync-00164,F4,W3-live-00,23,W3
desync-00165,F2,W1-live-01,37,W1
desync-00166,F1,W4-128-live-00,18,W4-128
desync-00167,F2,W3-live-00,12,W3
desync-00168,A5,W2c-live-00,28,W2c
desync-00169,A6,W2c-live-00,18,W2c
desync-00170,F3,W3-live-00,32,W3
desync-00171,F3,W3-live-00,16,W3
desync-00172,F4,W2a-live-00,23,W2a
desync-00173,A5,W2a-live-01,18,W2a
desync-00174,F4,W4-32-live-00,22,W4-32
desync-00175,A5,W3-live-00,23,W3
desync-00176,F3,W3-live-01,1,W3
desync-00177,A5,W4-32-live-01,30,W4-32
desync-00178,F4,W1-live-00,17,W1
desync-00179,A5,W2c-live-00,21,W2c
desync-00180,A5,W4-32-live-00,33,W4-32
desync-00181,A6,W2a-live-00,21,W2a
desync-00182,A5,W2c-live-01,22,W2c
desync-00183,A6,W4-128-live-00,9,W4-128
desync-00184,F3,W4-128-live-00,18,W4-128
desync-00185,A5,W4-32-live-00,23,W4-32
desync-00186,F3,W3-live-01,12,W3
desync-00187,F3,W2a-live-00,7,W2a
desync-00188,F4,W2b-live-01,11,W2b
desync-00189,A6,W2a-live-00,37,W2a
desync-00190,F4,W1-live-00,28,W1
desync-00191,F3,W1-live-01,11,W1
desync-00192,F1,W1-live-00,21,W1
desync-00193,F3,W2c-live-00,11,W2c
desync-00194,F4,W3-live-01,18,W3
desync-00195,A6,W3-live-01,37,W3
desync-00196,F2,W2c-live-01,17,W2c
desync-00197,A6,W1-live-00,7,W1
desync-00198,F3,W1-live-00,28,W1
desync-00199,F4,W2b-live-01,37,W2b
desync-00200,F2,W1-live-00,32,W1
desync-00201,A5,W4-32-live-01,8,W4-32
desync-00202,F1,W4-128-live-00,9,W4-128
desync-00203,F1,W2a-live-01,26,W2a
desync-00204,F3,W2a-live-01,37,W2a
desync-00205,A6,W2b-live-00,23,W2b
desync-00206,F1,W4-32-live-00,31,W4-32
desync-00207,F2,W2c-live-00,22,W2c
desync-00208,F1,W4-32-live-00,37,W4-32
desync-00209,A5,W4-32-live-00,27,W4-32
desync-00210,F3,W2c-live-01,23,W2c
desync-00211,A5,W4-128-live-00,24,W4-128
desync-00212,F2,W4-32-live-01,24,W4-32
desync-00213,A5,W1-live-01,32,W1
desync-00214,F1,W2b-live-00,33,W2b
desync-00215,F3,W2b-live-01,19,W2b
desync-00216,F2,W2c-live-00,7,W2c
desync-00217,F2,W3-live-01,7,W3
desync-00218,A5,W2c-live-01,15,W2c
desync-00219,F2,W4-32-live-00,23,W4-32
desync-00220,F1,W4-32-live-01,39,W4-32
desync-00221,F2,W2c-live-01,28,W2c
desync-00222,A5,W2c-live-00,17,W2c
desync-00223,F2,W4-32-live-01,9,W4-32
desync-00224,A5,W1-live-00,31,W1
desync-00225,F3,W1-live-00,21,W1
desync-00226,F2,W2a-live-00,19,W2a
desync-00227,F4,W4-32-live-01,29,W4-32
desync-00228,F3,W2c-live-00,21,W2c
desync-00229,F4,W2c-live-01,21,W2c
desync-00230,F2,W3-live-01,32,W3
desync-00231,F4,W3-live-01,3,W3
desync-00232,F1,W4-128-live-01,19,W4-128
desync-00233,F2,W2a-live-01,3,W2a
desync-00234,A6,W2c-live-01,11,W2c
desync-00235,A6,W1-live-01,21,W1
desync-00236,A6,W3-live-00,18,W3
desync-00237,F1,W1-live-01,11,W1
desync-00238,A6,W2a-live-01,23,W2a
desync-00239,F4,W2b-live-00,7,W2b
