item,cond,sid,fact,world
recall-00000,B3,W1-H50-002,f5,W1
recall-00001,B1,W4-32-H100-002,f5,W4-32
recall-00002,A1,W4-32-H200-002,f1,W4-32
recall-00003,A4,W3-H200-001,f9,W3
recall-00004,B2,W2c-H50-000,f6,W2c
recall-00005,B3,W4-128-H200-002,f10,W4-128
recall-00006,A1,W3-H50-002,f0,W3
recall-00007,B2,W4-128-H100-002,f4,W4-128
recall-00008,B1x2,W1-H50-000,f3,W1
recall-00009,F4,W2c-H50-000,f3,W2c
recall-00010,B3,W3-H50-002,f7,W3
recall-00011,B0,W2a-H200-000,f2,W2a
recall-00012,B1,W4-32-H100-002,f2,W4-32
recall-00013,F4,W2b-H50-002,f3,W2b
recall-00014,F4,W2c-H200-000,f2,W2c
recall-00015,B3,W2c-H50-000,f3,W2c
recall-00016,F4,W2c-H50-000,f4,W2c
recall-00017,B1x2,W4-32-H200-001,f9,W4-32
recall-00018,B1x2,W2b-H200-000,f9,W2b
recall-00019,A1,W2c-H200-002,f8,W2c
recall-00020,A1,W3-H100-000,f1,W3
recall-00021,A4,W2b-H200-001,f6,W2b
recall-00022,B2,W1-H50-000,f4,W1
recall-00023,A3,W2b-H100-002,f9,W2b
recall-00024,F4,W4-128-H100-002,f7,W4-128
recall-00025,A4,W2b-H200-001,f2,W2b
recall-00026,B1x2,W3-H100-002,f5,W3
recall-00027,A2,W2c-H200-000,f3,W2c
recall-00028,B2,W2c-H100-001,f8,W2c
recall-00029,B1x2,W4-128-H100-002,f5,W4-128
recall-00030,F4,W4-32-H100-002,f7,W4-32
recall-00031,B1x2,W2b-H200-001,f11,W2b
recall-00032,A2,W2c-H50-000,f6,W2c
recall-00033,A4,W2a-H200-001,f2,W2a
recall-00034,B0,W2b-H200-000,f9,W2b
recall-00035,B1x2,W2c-H200-000,f5,W2c
recall-00036,B3,W4-128-H100-002,f4,W4-128
recall-00037,B1x2,W4-128-H200-002,f9,W4-128
recall-00038,A2,W1-H50-002,f5,W1
recall-00039,B1x2,W2a-H50-002,f6,W2a
recall-00040,A3,W4-32-H100-002,f7,W4-32
recall-00041,A3,W3-H50-002,f6,W3
recall-00042,A3,W4-128-H100-002,f1,W4-128
recall-00043,B0,W2a-H50-001,f6,W2a
recall-00044,B0,W2c-H100-000,f6,W2c
recall-00045,B3,W1-H100-000,f9,W1
recall-00046,B3,W2c-H50-000,f1,W2c
recall-00047,B3,W3-H200-000,f8,W3
recall-00048,A4,W3-H100-000,f2,W3
recall-00049,A3,W2c-H200-000,f7,W2c
recall-00050,A2,W2c-H50-000,f0,W2c
recall-00051,A3,W4-128-H200-002,f11,W4-128
recall-00052,B1,W2c-H100-000,f1,W2c
recall-00053,A4,W2c-H200-000,f3,W2c
recall-00054,B0,W2c-H200-000,f5,W2c
recall-00055,A4,W3-H100-000,f1,W3
recall-00056,B3,W3-H50-002,f2,W3
recall-00057,A1,W4-32-H100-000,f8,W4-32
recall-00058,B1x2,W4-32-H100-002,f2,W4-32
recall-00059,A4,W2c-H50-000,f1,W2c
recall-00060,B2,W4-32-H100-000,f9,W4-32
recall-00061,B1,W1-H50-001,f7,W1
recall-00062,A4,W1-H50-002,f1,W1
recall-00063,B0,W2c-H200-000,f9,W2c
recall-00064,B3,W3-H100-002,f7,W3
recall-00065,B0,W4-128-H200-002,f11,W4-128
recall-00066,F4,W4-128-H100-002,f5,W4-128
recall-00067,A2,W3-H100-000,f7,W3
recall-00068,B3,W2a-H50-001,f4,W2a
recall-00069,B1x2,W2c-H50-000,f0,W2c
recall-00070,A1,W2a-H200-000,f5,W2a
recall-00071,A3,W2c-H200-000,f3,W2c
recall-00072,F4,W1-H50-002,f3,W1
recall-00073,B1x2,W2c-H100-000,f3,W2c
recall-00074,A4,W1-H50-000,f6,W1
recall-00075,F4,W3-H100-000,f4,W3
recall-00076,A2,W4-128-H200-002,f9,W4-128
recall-00077,B1,W4-32-H200-002,f5,W4-32
recall-00078,A1,W2b-H50-002,f6,W2b
recall-00079,B0,W3-H50-002,f2,W3
recall-00080,A2,W2b-H200-001,f0,W2b
recall-00081,A2,W4-128-H100-002,f2,W4-128
recall-00082,B1x2,W2a-H50-002,f1,W2a
recall-00083,B1,W2b-H200-001,f6,W2b
recall-00084,B2,W4-128-H200-002,f9,W4-128
recall-00085,B1x2,W2a-H200-000,f4,W2a
recall-00086,A1,W2a-H200-001,f4,W2a
recall-00087,A1,W3-H200-000,f8,W3
recall-00088,B1,W2a-H50-002,f5,W2a
recall-00089,B2,W3-H50-002,f2,W3
recall-00090,B3,W1-H200-001,f10,W1
recall-00091,B0,W3-H100-002,f5,W3
recall-00092,B1,W4-32-H200-001,f9,W4-32
recall-00093,B1,W4-128-H200-001,f11,W4-128
recall-00094,B3,W4-128-H100-002,f3,W4-128
recall-00095,A2,W4-32-H200-001,f9,W4-32
recall-00096,B0,W2c-H50-000,f3,W2c
recall-00097,B1,W3-H100-002,f7,W3
recall-00098,B2,W2a-H50-001,f3,W2a
recall-00099,B1,W2c-H100-000,f4,W2c
recall-00100,B3,W3-H50-002,f0,W3
recall-00101,B3,W2a-H200-000,f3,W2a
recall-00102,F4,W4-32-H100-002,f5,W4-32
recall-00103,B0,W1-H50-001,f4,W1
recall-00104,B1,W2c-H200-000,f0,W2c
recall-00105,F4,W3-H50-002,f3,W3
recall-00106,A1,W2c-H200-000,f0,W2c
recall-00107,A3,W2c-H50-000,f3,W2c
recall-00108,B0,W4-32-H50-000,f7,W4-32
recall-00109,F4,W2b-H200-001,f6,W2b
recall-00110,A2,W3-H200-000,f8,W3
recall-00111,B2,W4-128-H100-002,f1,W4-128
recall-00112,B1x2,W4-32-H100-002,f7,W4-32
recall-00113,B0,W2a-H200-001,f0,W2a
recall-00114,B1,W4-128-H200-001,f8,W4-128
recall-00115,A4,W2c-H200-000,f0,W2c
recall-00116,B0,W2c-H200-000,f4,W2c
recall-00117,B3,W4-32-H100-002,f0,W4-32
recall-00118,B3,W2c-H200-002,f11,W2c
recall-00119,B1x2,W2b-H50-002,f4,W2b
recall-00120,B2,W1-H50-002,f6,W1
recall-00121,B1x2,W2c-H200-000,f1,W2c
recall-00122,A2,W4-128-H100-002,f5,W4-128
recall-00123,A3,W1-H50-000,f3,W1
recall-00124,A4,W2c-H200-000,f7,W2c
recall-00125,B1x2,W4-32-H100-002,f0,W4-32
recall-00126,B2,W1-H50-002,f3,W1
recall-00127,B2,W3-H100-002,f7,W3
recall-00128,B2,W2c-H200-000,f3,W2c
recall-00129,B0,W4-128-H100-002,f6,W4-128
recall-00130,A3,W2c-H100-001,f8,W2c
recall-00131,F4,W4-32-H200-002,f5,W4-32
recall-00132,B2,W3-H50-002,f5,W3
recall-00133,A3,W2c-H200-000,f0,W2c
recall-00134,A1,W4-32-H200-002,f3,W4-32
recall-00135,B1,W3-H200-001,f9,W3
recall-00136,A2,W2a-H200-000,f3,W2a
recall-00137,B1,W1-H50-001,f4,W1
recall-00138,B1x2,W1-H200-001,f10,W1
recall-00139,B1x2,W1-H50-000,f4,W1
recall-00140,A4,W4-128-H200-001,f8,W4-128
recall-00141,A1,W4-32-H200-001,f9,W4-32
recall-00142,F4,W3-H100-000,f6,W3
recall-00143,B0,W4-128-H100-002,f7,W4-128
recall-00144,A2,W3-H100-002,f8,W3
recall-00145,F4,W1-H50-002,f5,W1
recall-00146,A3,W1-H200-002,f9,W1
recall-00147,B0,W4-128-H200-001,f8,W4-128
recall-00148,A1,W2b-H200-001,f2,W2b
recall-00149,B2,W3-H50-002,f4,W3
recall-00150,A4,W1-H50-001,f7,W1
recall-00151,A3,W1-H50-001,f7,W1
recall-00152,A4,W2c-H200-002,f8,W2c
recall-00153,F4,W2c-H100-000,f4,W2c
recall-00154,A1,W2b-H200-001,f6,W2b
recall-00155,A2,W3-H100-000,f3,W3
recall-00156,B0,W4-128-H100-002,f2,W4-128
recall-00157,B0,W4-32-H100-000,f9,W4-32
recall-00158,B1x2,W4-128-H100-002,f2,W4-128
recall-00159,B1,W2a-H200-000,f0,W2a
recall-00160,B2,W2b-H50-002,f1,W2b
recall-00161,B1x2,W1-H50-001,f1,W1
recall-00162,B3,W4-32-H100-000,f8,W4-32
recall-00163,B3,W1-H50-000,f1,W1
recall-00164,A3,W2a-H200-000,f0,W2a
recall-00165,B1x2,W2b-H200-001,f6,W2b
recall-00166,B1x2,W1-H100-000,f8,W1
recall-00167,B3,W2c-H50-000,f0,W2c
recall-00168,A3,W3-H100-000,f4,W3
recall-00169,F4,W2a-H200-000,f0,W2a
recall-00170,A3,W4-32-H200-002,f1,W4-32
recall-00171,A4,W4-128-H200-001,f11,W4-128
recall-00172,A3,W3-H100-002,f8,W3
recall-00173,A2,W2a-H200-001,f6,W2a
recall-00174,B1,W3-H100-000,f1,W3
recall-00175,A1,W2b-H200-001,f4,W2b
recall-00176,B1x2,W2a-H50-002,f5,W2a
recall-00177,B0,W4-128-H100-002,f1,W4-128
recall-00178,A4,W4-32-H200-002,f5,W4-32
recall-00179,A4,W2b-H200-002,f10,W2b
recall-00180,B2,W2a-H200-000,f1,W2a
recall-00181,F4,W4-128-H100-002,f1,W4-128
recall-00182,A4,W4-32-H100-002,f0,W4-32
recall-00183,B2,W1-H50-001,f7,W1
recall-00184,B0,W2c-H200-000,f2,W2c
recall-00185,B1x2,W3-H50-002,f3,W3
recall-00186,B2,W4-32-H200-001,f9,W4-32
recall-00187,B0,W2b-H200-002,f10,W2b
recall-00188,B0,W2a-H200-000,f7,W2a
recall-00189,B1,W2c-H50-000,f5,W2c
recall-00190,B1,W2b-H50-002,f4,W2b
recall-00191,B3,W2b-H50-002,f4,W2b
recall-00192,A4,W4-128-H200-002,f11,W4-128
recall-00193,B3,W4-32-H100-002,f5,W4-32
recall-00194,B1,W1-H50-001,f2,W1
recall-00195,B1x2,W2a-H200-000,f6,W2a
recall-00196,A3,W1-H200-001,f10,W1
recall-00197,A2,W1-H50-000,f1,W1
recall-00198,B1x2,W2c-H50-000,f5,W2c
recall-00199,B1,W4-32-H50-000,f1,W4-32
recall-00200,B3,W4-128-H200-001,f11,W4-128
recall-00201,B0,W1-H50-000,f1,W1
recall-00202,A1,W3-H100-000,f5,W3
recall-00203,B2,W2a-H50-001,f4,W2a
recall-00204,B3,W2b-H100-002,f9,W2b
recall-00205,A4,W2b-H50-002,f6,W2b
recall-00206,A2,W3-H50-002,f4,W3
recall-00207,B0,W3-H200-001,f9,W3
recall-00208,B1,W3-H100-000,f0,W3
recall-00209,B3,W2a-H50-002,f6,W2a
recall-00210,F4,W4-128-H100-002,f0,W4-128
recall-00211,A3,W4-32-H200-002,f3,W4-32
recall-00212,B1,W2a-H50-002,f3,W2a
recall-00213,B0,W2c-H50-000,f1,W2c
recall-00214,F4,W2a-H200-000,f1,W2a
recall-00215,B3,W3-H100-000,f4,W3
recall-00216,B3,W2c-H200-000,f3,W2c
recall-00217,B0,W2b-H50-002,f1,W2b
recall-00218,A3,W1-H50-001,f1,W1
recall-00219,F4,W2a-H200-000,f5,W2a
recall-00220,A3,W1-H50-002,f3,W1
recall-00221,B1,W2c-H200-000,f2,W2c
recall-00222,A1,W2a-H200-001,f0,W2a
recall-00223,F4,W2c-H200-000,f5,W2c
recall-00224,B1,W3-H100-000,f7,W3
recall-00225,B1,W2c-H50-000,f0,W2c
recall-00226,A2,W4-32-H100-002,f2,W4-32
recall-00227,A3,W2a-H200-001,f4,W2a
recall-00228,A4,W2c-H100-000,f4,W2c
recall-00229,B3,W2c-H50-000,f7,W2c
recall-00230,A2,W1-H200-001,f10,W1
recall-00231,A4,W2c-H100-001,f8,W2c
recall-00232,A2,W2c-H200-002,f11,W2c
recall-00233,A4,W2a-H50-001,f3,W2a
recall-00234,A3,W2a-H50-001,f4,W2a
recall-00235,F4,W2a-H50-002,f6,W2a
recall-00236,A3,W3-H100-002,f5,W3
recall-00237,A1,W4-32-H100-002,f7,W4-32
recall-00238,A4,W4-32-H100-002,f2,W4-32
recall-00239,F4,W4-128-H200-001,f11,W4-128
recall-00240,F4,W2a-H50-002,f5,W2a
recall-00241,B1,W2c-H50-000,f2,W2c
recall-00242,F4,W3-H50-002,f1,W3
recall-00243,A4,W3-H100-002,f7,W3
recall-00244,B0,W1-H100-000,f9,W1
recall-00245,A1,W1-H50-001,f4,W1
recall-00246,A1,W2b-H50-002,f4,W2b
recall-00247,A1,W2a-H200-000,f2,W2a
recall-00248,F4,W3-H50-002,f5,W3
recall-00249,B1,W4-32-H50-000,f3,W4-32
recall-00250,A1,W4-128-H200-001,f8,W4-128
recall-00251,A1,W2c-H50-000,f7,W2c
recall-00252,A2,W4-128-H100-002,f0,W4-128
recall-00253,F4,W3-H50-002,f7,W3
recall-00254,A2,W2a-H200-001,f2,W2a
recall-00255,B0,W2a-H200-001,f2,W2a
recall-00256,F4,W1-H100-000,f8,W1
recall-00257,A4,W1-H50-002,f6,W1
recall-00258,B1x2,W4-32-H200-002,f3,W4-32
recall-00259,B3,W2a-H200-000,f5,W2a
recall-00260,B1,W2a-H50-001,f3,W2a
recall-00261,A1,W4-128-H200-002,f10,W4-128
recall-00262,B3,W1-H50-000,f6,W1
recall-00263,F4,W4-128-H200-002,f10,W4-128
recall-00264,A1,W2b-H100-002,f9,W2b
recall-00265,A2,W2c-H100-000,f6,W2c
recall-00266,B1,W2a-H200-000,f4,W2a
recall-00267,A1,W2a-H200-000,f4,W2a
recall-00268,B1x2,W3-H100-002,f3,W3
recall-00269,B0,W2a-H200-000,f1,W2a
recall-00270,A2,W2a-H50-002,f3,W2a
recall-00271,B0,W3-H100-002,f1,W3
recall-00272,A2,W3-H100-002,f3,W3
recall-00273,A4,W2a-H50-001,f6,W2a
recall-00274,B2,W2c-H100-000,f6,W2c
recall-00275,F4,W4-32-H200-002,f3,W4-32
recall-00276,B3,W2c-H100-000,f4,W2c
recall-00277,A2,W3-H100-000,f5,W3
recall-00278,A2,W4-32-H200-002,f3,W4-32
recall-00279,B1,W3-H50-002,f2,W3
recall-00280,A3,W3-H50-002,f3,W3
recall-00281,A3,W2a-H50-002,f3,W2a
recall-00282,B1,W1-H100-000,f8,W1
recall-00283,B2,W2a-H200-001,f4,W2a
recall-00284,B2,W4-128-H200-002,f10,W4-128
recall-00285,A3,W4-32-H100-000,f9,W4-32
recall-00286,B2,W4-128-H200-002,f11,W4-128
recall-00287,A1,W2c-H200-000,f1,W2c
recall-00288,F4,W3-H200-001,f9,W3
recall-00289,B1x2,W3-H100-000,f2,W3
recall-00290,B3,W2c-H200-002,f8,W2c
recall-00291,A4,W1-H50-002,f5,W1
recall-00292,A2,W3-H50-002,f2,W3
recall-00293,A1,W4-32-H100-000,f9,W4-32
recall-00294,B1,W4-32-H100-002,f0,W4-32
recall-00295,A3,W2c-H100-000,f6,W2c
recall-00296,B3,W3-H50-002,f5,W3
recall-00297,B1,W4-128-H100-002,f3,W4-128
recall-00298,A4,W4-32-H50-000,f3,W4-32
recall-00299,B0,W1-H50-001,f1,W1
recall-00300,F4,W4-128-H100-002,f3,W4-128
recall-00301,B0,W2a-H200-000,f0,W2a
recall-00302,B0,W1-H50-000,f3,W1
recall-00303,B2,W2a-H50-002,f6,W2a
recall-00304,B2,W3-H200-001,f9,W3
recall-00305,A1,W4-32-H50-000,f1,W4-32
recall-00306,B1x2,W3-H200-002,f10,W3
recall-00307,F4,W2a-H50-002,f1,W2a
recall-00308,B1x2,W2a-H200-000,f7,W2a
recall-00309,A2,W2c-H200-002,f8,W2c
recall-00310,F4,W3-H50-002,f0,W3
recall-00311,F4,W2c-H100-000,f1,W2c
recall-00312,F4,W2b-H50-002,f4,W2b
recall-00313,A4,W3-H100-002,f5,W3
recall-00314,A2,W2a-H50-002,f1,W2a
recall-00315,A3,W3-H100-000,f5,W3
recall-00316,B1x2,W2c-H200-000,f0,W2c
recall-00317,B1x2,W3-H50-002,f4,W3
recall-00318,B0,W1-H50-000,f4,W1
recall-00319,B1x2,W2c-H200-002,f8,W2c
recall-00320,A1,W2b-H100-002,f8,W2b
recall-00321,B2,W2a-H200-001,f2,W2a
recall-00322,B3,W4-128-H100-002,f6,W4-128
recall-00323,B0,W4-32-H200-002,f5,W4-32
recall-00324,B3,W2c-H200-000,f0,W2c
recall-00325,A1,W2a-H200-001,f2,W2a
recall-00326,B1x2,W2c-H50-000,f4,W2c
recall-00327,F4,W2a-H200-000,f7,W2a
recall-00328,B1x2,W3-H50-002,f2,W3
recall-00329,B3,W3-H100-002,f5,W3
recall-00330,B2,W2c-H200-000,f9,W2c
recall-00331,A3,W2c-H50-000,f7,W2c
recall-00332,B3,W2b-H200-000,f9,W2b
recall-00333,A2,W3-H100-000,f4,W3
recall-00334,A2,W2c-H200-000,f2,W2c
recall-00335,B0,W1-H200-002,f9,W1
recall-00336,B3,W3-H200-002,f10,W3
recall-00337,A1,W4-32-H50-000,f3,W4-32
recall-00338,B1,W4-128-H100-002,f0,W4-128
recall-00339,B0,W4-128-H100-002,f3,W4-128
recall-00340,A4,W2a-H200-000,f1,W2a
recall-00341,A3,W4-32-H200-002,f5,W4-32
recall-00342,B1x2,W2b-H100-002,f9,W2b
recall-00343,B1,W2a-H200-000,f6,W2a
recall-00344,F4,W4-128-H100-002,f6,W4-128
recall-00345,B2,W2c-H50-000,f1,W2c
recall-00346,A2,W2a-H200-000,f7,W2a
recall-00347,B0,W2c-H200-000,f1,W2c
recall-00348,A2,W3-H50-002,f1,W3
recall-00349,A1,W2c-H100-000,f3,W2c
recall-00350,B1,W1-H200-001,f10,W1
recall-00351,A1,W2c-H200-000,f2,W2c
recall-00352,A1,W4-128-H100-002,f0,W4-128
recall-00353,B0,W3-H100-000,f6,W3
recall-00354,B1,W1-H50-002,f3,W1
recall-00355,A1,W2c-H200-000,f9,W2c
recall-00356,B1,W4-128-H200-002,f9,W4-128
recall-00357,A2,W4-32-H100-000,f9,W4-32
recall-00358,A1,W2c-H50-000,f2,W2c
recall-00359,B0,W3-H100-002,f7,W3
recall-00360,B2,W3-H50-002,f0,W3
recall-00361,A4,W3-H100-000,f4,W3
recall-00362,A1,W1-H50-002,f5,W1
recall-00363,A1,W3-H100-002,f3,W3
recall-00364,B1x2,W3-H50-002,f0,W3
recall-00365,B1,W2b-H200-002,f10,W2b
recall-00366,B1x2,W1-H200-002,f9,W1
recall-00367,B1,W3-H50-002,f6,W3
recall-00368,A3,W2a-H50-001,f3,W2a
recall-00369,B1,W2a-H50-002,f6,W2a
recall-00370,A4,W2a-H50-002,f6,W2a
recall-00371,A2,W4-128-H100-002,f3,W4-128
recall-00372,A1,W2b-H200-001,f0,W2b
recall-00373,F4,W1-H200-001,f10,W1
recall-00374,B1,W2b-H200-001,f0,W2b
recall-00375,B1x2,W2b-H100-002,f8,W2b
recall-00376,A2,W4-32-H200-002,f7,W4-32
recall-00377,A3,W4-128-H100-002,f5,W4-128
recall-00378,F4,W2b-H50-002,f1,W2b
recall-00379,B3,W4-32-H200-001,f9,W4-32
recall-00380,B2,W2c-H50-000,f7,W2c
recall-00381,A2,W2a-H50-001,f6,W2a
recall-00382,B1x2,W1-H50-000,f6,W1
recall-00383,A4,W2a-H50-002,f1,W2a
recall-00384,B1x2,W1-H50-002,f5,W1
recall-00385,B3,W3-H100-000,f6,W3
recall-00386,B1,W2a-H200-000,f1,W2a
recall-00387,A1,W2c-H50-000,f0,W2c
recall-00388,A4,W4-128-H100-002,f4,W4-128
recall-00389,A1,W2c-H200-000,f4,W2c
recall-00390,B1x2,W1-H50-002,f1,W1
recall-00391,B2,W4-128-H100-002,f0,W4-128
recall-00392,B2,W2c-H50-000,f0,W2c
recall-00393,B1x2,W2c-H200-000,f7,W2c
recall-00394,B1,W3-H50-002,f7,W3
recall-00395,B1x2,W1-H50-002,f6,W1
recall-00396,F4,W2a-H50-001,f4,W2a
recall-00397,F4,W2c-H200-000,f7,W2c
recall-00398,B1x2,W2c-H200-000,f3,W2c
recall-00399,B1,W2a-H50-001,f6,W2a
recall-00400,A2,W2c-H50-000,f2,W2c
recall-00401,F4,W1-H50-001,f2,W1
recall-00402,A3,W2a-H50-002,f6,W2a
recall-00403,B3,W2c-H200-000,f1,W2c
recall-00404,B0,W4-128-H200-002,f9,W4-128
recall-00405,A3,W2b-H100-002,f8,W2b
recall-00406,B2,W4-32-H100-002,f5,W4-32
recall-00407,A4,W4-32-H100-000,f8,W4-32
recall-00408,B1x2,W4-32-H50-000,f1,W4-32
recall-00409,B3,W2c-H100-000,f3,W2c
recall-00410,A4,W2c-H200-000,f9,W2c
recall-00411,B2,W1-H100-000,f8,W1
recall-00412,B1x2,W3-H50-002,f5,W3
recall-00413,A4,W2c-H50-000,f7,W2c
recall-00414,B1x2,W2a-H50-001,f6,W2a
recall-00415,F4,W2b-H50-002,f6,W2b
recall-00416,B0,W2c-H200-000,f7,W2c
recall-00417,B3,W1-H100-000,f8,W1
recall-00418,F4,W2b-H100-002,f8,W2b
recall-00419,B0,W4-128-H200-002,f10,W4-128
recall-00420,B2,W2c-H50-000,f5,W2c
recall-00421,A3,W2a-H50-002,f5,W2a
recall-00422,B2,W2c-H200-002,f11,W2c
recall-00423,B2,W2a-H50-002,f1,W2a
recall-00424,B0,W2c-H100-000,f1,W2c
recall-00425,B3,W2b-H50-002,f6,W2b
recall-00426,B2,W3-H100-002,f8,W3
recall-00427,A3,W4-32-H100-002,f5,W4-32
recall-00428,F4,W2c-H100-000,f6,W2c
recall-00429,B0,W2c-H100-001,f8,W2c
recall-00430,A4,W2c-H200-000,f6,W2c
recall-00431,A1,W2c-H200-000,f5,W2c
recall-00432,A3,W2b-H50-002,f1,W2b
recall-00433,B0,W2a-H200-001,f6,W2a
recall-00434,B1x2,W2a-H50-001,f0,W2a
recall-00435,B0,W2b-H50-002,f4,W2b
recall-00436,A3,W2b-H200-001,f0,W2b
recall-00437,B2,W3-H100-000,f0,W3
recall-00438,A2,W2b-H200-002,f10,W2b
recall-00439,B1x2,W2c-H200-000,f4,W2c
recall-00440,A4,W2c-H200-000,f2,W2c
recall-00441,B1x2,W2c-H50-000,f2,W2c
recall-00442,B3,W2b-H200-001,f6,W2b
recall-00443,B3,W4-128-H100-002,f1,W4-128
recall-00444,F4,W1-H50-001,f4,W1
recall-00445,B0,W2c-H200-000,f0,W2c
recall-00446,A1,W2c-H100-001,f8,W2c
recall-00447,A4,W2a-H200-000,f4,W2a
recall-00448,A2,W1-H50-001,f4,W1
recall-00449,B2,W4-128-H100-002,f2,W4-128
recall-00450,B1x2,W4-32-H200-002,f5,W4-32
recall-00451,A3,W1-H50-000,f6,W1
recall-00452,B1x2,W4-128-H100-002,f3,W4-128
recall-00453,B1x2,W2b-H50-002,f3,W2b
recall-00454,A3,W3-H200-002,f10,W3
recall-00455,B1,W2b-H50-002,f3,W2b
recall-00456,B3,W4-32-H100-000,f9,W4-32
recall-00457,B2,W3-H200-000,f8,W3
recall-00458,F4,W4-128-H100-002,f2,W4-128
recall-00459,A4,W1-H50-000,f1,W1
recall-00460,A4,W3-H50-002,f0,W3
recall-00461,B1x2,W2c-H100-000,f6,W2c
recall-00462,F4,W2a-H200-000,f2,W2a
recall-00463,A2,W2c-H50-000,f3,W2c
recall-00464,F4,W2c-H50-000,f0,W2c
recall-00465,B3,W3-H100-000,f0,W3
recall-00466,A3,W4-32-H200-001,f9,W4-32
recall-00467,A2,W2b-H200-001,f6,W2b
recall-00468,A3,W2a-H200-000,f5,W2a
recall-00469,F4,W3-H100-000,f3,W3
recall-00470,A1,W1-H100-000,f8,W1
recall-00471,B3,W3-H100-000,f7,W3
recall-00472,A4,W4-128-H200-002,f10,W4-128
recall-00473,A1,W4-32-H200-002,f7,W4-32
recall-00474,A1,W2a-H50-002,f3,W2a
recall-00475,A2,W1-H100-000,f9,W1
recall-00476,B0,W4-32-H100-002,f7,W4-32
recall-00477,B1,W2c-H200-000,f3,W2c
recall-00478,A1,W2c-H50-000,f5,W2c
recall-00479,B2,W3-H50-002,f3,W3
recall-00480,F4,W3-H200-002,f10,W3
recall-00481,B2,W1-H50-001,f4,W1
recall-00482,A2,W4-32-H100-002,f7,W4-32
recall-00483,B0,W1-H50-000,f6,W1
recall-00484,A4,W4-32-H50-000,f7,W4-32
recall-00485,B2,W4-128-H100-002,f5,W4-128
recall-00486,A4,W3-H50-002,f1,W3
recall-00487,B0,W4-32-H200-002,f1,W4-32
recall-00488,B2,W4-32-H200-002,f1,W4-32
recall-00489,A2,W2b-H200-001,f11,W2b
recall-00490,B3,W2a-H200-001,f2,W2a
recall-00491,B3,W4-128-H100-002,f2,W4-128
recall-00492,B2,W2a-H200-000,f0,W2a
recall-00493,A2,W4-128-H100-002,f7,W4-128
recall-00494,A4,W3-H50-002,f4,W3
recall-00495,B1x2,W4-32-H100-000,f8,W4-32
recall-00496,B3,W4-32-H50-000,f1,W4-32
recall-00497,F4,W4-128-H100-002,f4,W4-128
recall-00498,A1,W4-128-H100-002,f2,W4-128
recall-00499,B0,W4-32-H50-000,f3,W4-32
recall-00500,B1,W4-128-H100-002,f4,W4-128
recall-00501,B1,W2c-H200-000,f6,W2c
recall-00502,B2,W2a-H200-000,f7,W2a
recall-00503,B0,W3-H200-000,f8,W3
recall-00504,F4,W2b-H200-001,f11,W2b
recall-00505,F4,W1-H100-000,f9,W1
recall-00506,B1,W2a-H200-000,f3,W2a
recall-00507,B3,W3-H100-000,f5,W3
recall-00508,F4,W1-H50-000,f6,W1
recall-00509,B2,W2b-H200-000,f9,W2b
recall-00510,B2,W2c-H200-000,f2,W2c
recall-00511,A2,W2c-H200-000,f6,W2c
recall-00512,B1,W4-128-H100-002,f6,W4-128
recall-00513,B1x2,W2c-H100-001,f8,W2c
recall-00514,F4,W2a-H200-001,f2,W2a
recall-00515,B0,W1-H50-001,f7,W1
recall-00516,A1,W4-32-H200-002,f5,W4-32
recall-00517,B1,W2a-H50-002,f1,W2a
recall-00518,A1,W3-H50-002,f4,W3
recall-00519,A1,W3-H100-000,f0,W3
recall-00520,B3,W3-H200-001,f9,W3
recall-00521,F4,W1-H50-001,f7,W1
recall-00522,B3,W4-32-H200-002,f7,W4-32
recall-00523,A2,W4-32-H200-002,f5,W4-32
recall-00524,B3,W2b-H50-002,f3,W2b
recall-00525,A4,W3-H100-000,f6,W3
recall-00526,A1,W1-H50-002,f3,W1
recall-00527,A4,W2c-H100-000,f1,W2c
recall-00528,B0,W2c-H200-000,f6,W2c
recall-00529,B3,W3-H50-002,f6,W3
recall-00530,A4,W2c-H50-000,f4,W2c
recall-00531,F4,W2a-H50-001,f0,W2a
recall-00532,B3,W4-32-H100-002,f2,W4-32
recall-00533,F4,W4-32-H200-002,f1,W4-32
recall-00534,A1,W3-H50-002,f2,W3
recall-00535,B0,W2b-H200-001,f4,W2b
recall-00536,B1,W2b-H50-002,f6,W2b
recall-00537,B0,W3-H100-000,f5,W3
recall-00538,A4,W4-32-H100-002,f5,W4-32
recall-00539,B2,W4-32-H100-000,f8,W4-32
recall-00540,A2,W2b-H200-001,f4,W2b
recall-00541,B3,W4-128-H100-002,f0,W4-128
recall-00542,B2,W1-H50-001,f2,W1
recall-00543,B1,W1-H50-002,f5,W1
recall-00544,B1x2,W2a-H200-001,f4,W2a
recall-00545,A3,W3-H100-000,f1,W3
recall-00546,A4,W3-H100-002,f1,W3
recall-00547,A2,W2c-H200-000,f9,W2c
recall-00548,B1x2,W2a-H200-001,f0,W2a
recall-00549,F4,W2a-H50-001,f6,W2a
recall-00550,A1,W2c-H50-000,f3,W2c
recall-00551,A1,W2a-H200-000,f1,W2a
recall-00552,B3,W2a-H200-000,f4,W2a
recall-00553,B1x2,W2c-H200-000,f2,W2c
recall-00554,B1,W4-32-H100-000,f8,W4-32
recall-00555,F4,W2b-H200-000,f9,W2b
recall-00556,F4,W3-H50-002,f6,W3
recall-00557,B3,W2a-H50-002,f1,W2a
recall-00558,A3,W2c-H200-002,f8,W2c
recall-00559,A4,W1-H100-000,f8,W1
recall-00560,A2,W4-128-H100-002,f4,W4-128
recall-00561,A2,W4-32-H100-002,f5,W4-32
recall-00562,A2,W4-32-H50-000,f5,W4-32
recall-00563,B1x2,W2c-H50-000,f7,W2c
recall-00564,B1,W2c-H200-000,f4,W2c
recall-00565,B3,W2c-H50-000,f5,W2c
recall-00566,B0,W3-H50-002,f1,W3
recall-00567,B2,W2a-H50-001,f6,W2a
recall-00568,B3,W1-H50-001,f1,W1
recall-00569,A4,W2b-H200-001,f11,W2b
recall-00570,B2,W2c-H50-000,f4,W2c
recall-00571,B1,W2c-H200-002,f8,W2c
recall-00572,F4,W2c-H100-000,f3,W2c
recall-00573,B0,W3-H50-002,f4,W3
recall-00574,A2,W1-H200-002,f9,W1
recall-00575,B1,W2a-H200-001,f0,W2a
recall-00576,A4,W3-H200-002,f10,W3
recall-00577,B0,W2a-H50-002,f3,W2a
recall-00578,A2,W1-H50-000,f3,W1
recall-00579,B1,W3-H100-000,f5,W3
recall-00580,F4,W2b-H100-002,f9,W2b
recall-00581,A3,W2a-H200-000,f2,W2a
recall-00582,F4,W4-32-H100-000,f9,W4-32
recall-00583,B1x2,W4-128-H200-002,f10,W4-128
recall-00584,A2,W2a-H50-001,f3,W2a
recall-00585,A3,W2a-H50-002,f1,W2a
recall-00586,B1x2,W2a-H200-000,f0,W2a
recall-00587,A1,W3-H100-002,f5,W3
recall-00588,A1,W3-H100-002,f8,W3
recall-00589,F4,W2c-H100-001,f8,W2c
recall-00590,A3,W2c-H200-000,f5,W2c
recall-00591,B0,W2c-H50-000,f0,W2c
recall-00592,B1x2,W3-H100-002,f7,W3
recall-00593,A1,W2a-H50-002,f1,W2a
recall-00594,A1,W1-H50-001,f2,W1
recall-00595,B1,W3-H100-000,f2,W3
recall-00596,B0,W2a-H50-001,f4,W2a
recall-00597,B0,W2b-H50-002,f6,W2b
recall-00598,A2,W2c-H100-000,f3,W2c
recall-00599,B0,W4-32-H200-002,f3,W4-32
recall-00600,A4,W2a-H200-000,f3,W2a
recall-00601,A2,W2c-H100-001,f8,W2c
recall-00602,F4,W2c-H50-000,f5,W2c
recall-00603,A1,W2b-H200-000,f9,W2b
recall-00604,A2,W2a-H200-000,f2,W2a
recall-00605,B1x2,W2a-H200-000,f3,W2a
recall-00606,A2,W1-H50-000,f6,W1
recall-00607,B1x2,W1-H50-001,f4,W1
recall-00608,B1x2,W2c-H50-000,f3,W2c
recall-00609,A3,W4-32-H100-000,f8,W4-32
recall-00610,B1x2,W4-128-H200-002,f11,W4-128
recall-00611,B2,W4-32-H50-000,f1,W4-32
recall-00612,B0,W3-H50-002,f6,W3
recall-00613,A2,W3-H50-002,f0,W3
recall-00614,B3,W2c-H50-000,f4,W2c
recall-00615,B1,W2c-H50-000,f7,W2c
recall-00616,A4,W1-H50-002,f3,W1
recall-00617,A2,W4-128-H200-002,f10,W4-128
recall-00618,A4,W3-H50-002,f7,W3
recall-00619,F4,W4-128-H200-002,f9,W4-128
recall-00620,F4,W2a-H200-001,f6,W2a
recall-00621,B2,W2c-H200-000,f5,W2c
recall-00622,B0,W3-H100-000,f0,W3
recall-00623,B2,W1-H50-000,f6,W1
recall-00624,A1,W3-H100-000,f3,W3
recall-00625,A2,W2a-H50-001,f0,W2a
recall-00626,B2,W2c-H100-000,f4,W2c
recall-00627,F4,W3-H100-000,f7,W3
recall-00628,A3,W3-H50-002,f7,W3
recall-00629,A3,W2c-H200-000,f9,W2c
recall-00630,B3,W1-H50-002,f1,W1
recall-00631,A1,W4-128-H100-002,f4,W4-128
recall-00632,A1,W2c-H50-000,f6,W2c
recall-00633,A2,W2b-H50-002,f3,W2b
recall-00634,B3,W2c-H200-000,f4,W2c
recall-00635,A4,W2b-H100-002,f8,W2b
recall-00636,B0,W4-32-H100-002,f0,W4-32
recall-00637,B1x2,W2a-H200-001,f6,W2a
recall-00638,B2,W2a-H200-000,f4,W2a
recall-00639,A3,W4-32-H100-002,f0,W4-32
recall-00640,F4,W1-H50-000,f3,W1
recall-00641,B2,W4-32-H50-000,f3,W4-32
recall-00642,A3,W3-H100-002,f3,W3
recall-00643,B1,W2a-H200-001,f2,W2a
recall-00644,B1x2,W3-H100-000,f4,W3
recall-00645,A3,W2a-H200-000,f4,W2a
recall-00646,A3,W2c-H100-000,f3,W2c
recall-00647,A1,W2c-H200-000,f3,W2c
recall-00648,B1,W3-H50-002,f3,W3
recall-00649,F4,W2c-H50-000,f1,W2c
recall-00650,A3,W2c-H200-002,f11,W2c
recall-00651,A1,W3-H100-002,f7,W3
recall-00652,B1x2,W2a-H200-000,f2,W2a
recall-00653,B3,W2c-H50-000,f2,W2c
recall-00654,A3,W2a-H200-000,f3,W2a
recall-00655,A3,W3-H100-000,f6,W3
recall-00656,B0,W3-H50-002,f7,W3
recall-00657,B0,W4-128-H100-002,f4,W4-128
recall-00658,B2,W2b-H100-002,f9,W2b
recall-00659,A2,W3-H100-002,f1,W3
recall-00660,B0,W3-H50-002,f3,W3
recall-00661,B1x2,W2b-H50-002,f6,W2b
recall-00662,F4,W2b-H200-002,f10,W2b
recall-00663,B2,W3-H50-002,f7,W3
recall-00664,A2,W3-H100-002,f7,W3
recall-00665,B1,W2c-H200-002,f11,W2c
recall-00666,B3,W4-32-H100-002,f7,W4-32
recall-00667,B3,W4-32-H50-000,f7,W4-32
recall-00668,B1,W2b-H200-001,f2,W2b
recall-00669,F4,W2a-H200-000,f6,W2a
recall-00670,A4,W2c-H100-000,f3,W2c
recall-00671,A1,W1-H50-000,f3,W1
recall-00672,B1x2,W3-H100-000,f7,W3
recall-00673,B1x2,W3-H100-000,f1,W3
recall-00674,A3,W1-H50-001,f4,W1
recall-00675,B1,W4-32-H100-002,f7,W4-32
recall-00676,A3,W2c-H200-000,f6,W2c
recall-00677,A4,W1-H200-001,f10,W1
recall-00678,B3,W2a-H50-001,f6,W2a
recall-00679,B1,W3-H100-000,f4,W3
recall-00680,A3,W1-H50-002,f5,W1
recall-00681,A1,W1-H50-001,f1,W1
recall-00682,F4,W4-32-H100-002,f2,W4-32
recall-00683,A1,W2c-H100-000,f1,W2c
recall-00684,A2,W3-H100-002,f5,W3
recall-00685,A3,W2a-H200-001,f2,W2a
recall-00686,B0,W2c-H100-000,f3,W2c
recall-00687,B1x2,W2c-H100-000,f1,W2c
recall-00688,B1,W1-H50-000,f4,W1
recall-00689,B1,W3-H200-002,f10,W3
recall-00690,B3,W4-32-H200-002,f3,W4-32
recall-00691,A4,W2c-H50-000,f5,W2c
recall-00692,A4,W2a-H200-000,f7,W2a
recall-00693,A1,W3-H200-001,f9,W3
recall-00694,F4,W1-H50-001,f1,W1
recall-00695,F4,W1-H50-002,f6,W1
recall-00696,A3,W1-H100-000,f8,W1
recall-00697,A2,W2c-H200-000,f7,W2c
recall-00698,B1x2,W2a-H200-001,f2,W2a
recall-00699,A2,W3-H50-002,f6,W3
recall-00700,A2,W2c-H200-000,f5,W2c
recall-00701,F4,W3-H50-002,f2,W3
recall-00702,B3,W3-H50-002,f1,W3
recall-00703,A1,W1-H200-002,f9,W1
recall-00704,B1x2,W3-H100-002,f8,W3
recall-00705,B3,W1-H50-001,f7,W1
recall-00706,A4,W3-H50-002,f5,W3
recall-00707,A1,W2a-H50-001,f6,W2a
recall-00708,A4,W2a-H50-001,f4,W2a
recall-00709,B2,W1-H50-002,f5,W1
recall-00710,A4,W2b-H50-002,f3,W2b
recall-00711,A3,W1-H50-000,f4,W1
recall-00712,B1x2,W4-32-H200-002,f1,W4-32
recall-00713,B1,W2c-H100-001,f8,W2c
recall-00714,B0,W2b-H50-002,f3,W2b
recall-00715,B0,W3-H100-000,f7,W3
recall-00716,A2,W2c-H100-000,f1,W2c
recall-00717,A2,W4-32-H50-000,f1,W4-32
recall-00718,A1,W1-H50-000,f1,W1
recall-00719,A2,W1-H50-002,f6,W1
recall-00720,B3,W1-H50-001,f2,W1
recall-00721,B2,W3-H200-002,f10,W3
recall-00722,B1,W2a-H200-000,f7,W2a
recall-00723,A1,W3-H50-002,f1,W3
recall-00724,B3,W3-H100-000,f1,W3
recall-00725,F4,W4-32-H100-000,f8,W4-32
recall-00726,A3,W4-128-H100-002,f2,W4-128
recall-00727,B1,W2a-H200-000,f5,W2a
recall-00728,A3,W2b-H200-001,f11,W2b
recall-00729,B0,W4-32-H200-001,f9,W4-32
recall-00730,A1,W3-H100-000,f7,W3
recall-00731,B3,W2a-H50-002,f5,W2a
recall-00732,B2,W2b-H100-002,f8,W2b
recall-00733,A3,W2a-H200-001,f0,W2a
recall-00734,A3,W3-H50-002,f1,W3
recall-00735,A1,W3-H50-002,f3,W3
recall-00736,F4,W2c-H50-000,f2,W2c
recall-00737,A4,W4-128-H100-002,f3,W4-128
recall-00738,A2,W2c-H50-000,f5,W2c
recall-00739,B3,W2b-H200-001,f11,W2b
recall-00740,A1,W3-H50-002,f7,W3
recall-00741,B0,W2a-H200-000,f5,W2a
recall-00742,B1,W4-32-H50-000,f5,W4-32
recall-00743,A3,W2c-H200-000,f1,W2c
recall-00744,B3,W2a-H200-000,f6,W2a
recall-00745,B2,W3-H100-002,f1,W3
recall-00746,A2,W3-H100-000,f2,W3
recall-00747,B2,W4-32-H200-002,f7,W4-32
recall-00748,A4,W2c-H50-000,f6,W2c
recall-00749,B2,W3-H50-002,f6,W3
recall-00750,B1x2,W2a-H50-002,f3,W2a
recall-00751,B1x2,W4-32-H50-000,f3,W4-32
recall-00752,B2,W2c-H50-000,f2,W2c
recall-00753,A3,W2b-H200-000,f9,W2b
recall-00754,A3,W4-128-H200-001,f11,W4-128
recall-00755,B3,W2a-H50-001,f0,W2a
recall-00756,A3,W1-H50-000,f1,W1
recall-00757,B0,W3-H200-002,f10,W3
recall-00758,A4,W3-H100-000,f3,W3
recall-00759,F4,W3-H100-000,f2,W3
recall-00760,B0,W4-32-H50-000,f1,W4-32
recall-00761,A4,W2c-H200-000,f5,W2c
recall-00762,A4,W2a-H50-002,f5,W2a
recall-00763,A2,W2b-H200-000,f9,W2b
recall-00764,B1x2,W3-H50-002,f7,W3
recall-00765,B0,W4-128-H100-002,f5,W4-128
recall-00766,B3,W2a-H200-001,f4,W2a
recall-00767,B1x2,W4-32-H200-002,f7,W4-32
recall-00768,A4,W4-32-H50-000,f5,W4-32
recall-00769,A4,W4-32-H100-002,f7,W4-32
recall-00770,B2,W2c-H200-000,f1,W2c
recall-00771,B2,W4-128-H100-002,f3,W4-128
recall-00772,B1x2,W2a-H200-000,f1,W2a
recall-00773,A3,W4-32-H50-000,f5,W4-32
recall-00774,B1x2,W4-128-H100-002,f4,W4-128
recall-00775,F4,W2a-H200-000,f3,W2a
recall-00776,B2,W4-32-H200-002,f5,W4-32
recall-00777,A3,W2b-H50-002,f6,W2b
recall-00778,A1,W4-128-H100-002,f5,W4-128
recall-00779,A2,W3-H100-000,f1,W3
recall-00780,B2,W1-H200-001,f10,W1
recall-00781,B3,W2c-H200-000,f7,W2c
recall-00782,B1,W3-H100-002,f8,W3
recall-00783,A2,W4-32-H100-002,f0,W4-32
recall-00784,B0,W4-32-H50-000,f5,W4-32
recall-00785,B2,W4-32-H200-002,f3,W4-32
recall-00786,B0,W2b-H200-001,f0,W2b
recall-00787,A2,W3-H50-002,f7,W3
recall-00788,B3,W4-32-H50-000,f5,W4-32
recall-00789,A1,W2a-H50-002,f5,W2a
recall-00790,B3,W2b-H200-002,f10,W2b
recall-00791,F4,W2c-H200-002,f11,W2c
recall-00792,F4,W2c-H200-000,f4,W2c
recall-00793,B2,W4-128-H100-002,f6,W4-128
recall-00794,B1x2,W2c-H200-000,f9,W2c
recall-00795,A2,W2c-H50-000,f1,W2c
recall-00796,B1x2,W1-H50-002,f3,W1
recall-00797,B3,W2a-H200-000,f0,W2a
recall-00798,B2,W2b-H200-001,f11,W2b
recall-00799,A3,W4-32-H50-000,f7,W4-32
recall-00800,B3,W4-128-H200-002,f9,W4-128
recall-00801,A3,W2c-H50-000,f1,W2c
recall-00802,F4,W2b-H200-001,f4,W2b
recall-00803,B2,W2a-H200-000,f5,W2a
recall-00804,B2,W1-H200-002,f9,W1
recall-00805,A3,W2c-H50-000,f2,W2c
recall-00806,A3,W2c-H50-000,f4,W2c
recall-00807,B1x2,W4-32-H100-002,f5,W4-32
recall-00808,A1,W4-32-H100-002,f0,W4-32
recall-00809,B0,W4-128-H200-001,f11,W4-128
recall-00810,B3,W2c-H100-001,f8,W2c
recall-00811,B1x2,W2a-H200-000,f5,W2a
recall-00812,A3,W1-H100-000,f9,W1
recall-00813,B3,W2c-H200-000,f9,W2c
recall-00814,A4,W4-32-H200-002,f1,W4-32
recall-00815,B1x2,W4-128-H100-002,f0,W4-128
recall-00816,A3,W3-H200-001,f9,W3
recall-00817,A1,W2c-H50-000,f4,W2c
recall-00818,A3,W2a-H200-000,f7,W2a
recall-00819,A4,W4-128-H200-002,f9,W4-128
recall-00820,B2,W2c-H50-000,f3,W2c
recall-00821,B3,W2c-H200-000,f6,W2c
recall-00822,B0,W2c-H50-000,f7,W2c
recall-00823,B3,W3-H100-000,f3,W3
recall-00824,B1x2,W2c-H200-002,f11,W2c
recall-00825,B3,W2b-H200-001,f4,W2b
recall-00826,B1,W2a-H200-001,f4,W2a
recall-00827,B1,W4-32-H200-002,f7,W4-32
recall-00828,B1,W2c-H50-000,f1,W2c
recall-00829,A2,W2a-H200-000,f1,W2a
recall-00830,B1,W2c-H200-000,f5,W2c
recall-00831,B1,W2c-H200-000,f9,W2c
recall-00832,F4,W4-128-H200-002,f11,W4-128
recall-00833,A3,W2b-H200-001,f4,W2b
recall-00834,F4,W3-H100-002,f8,W3
recall-00835,F4,W2a-H50-002,f3,W2a
recall-00836,A2,W2a-H200-000,f5,W2a
recall-00837,A1,W1-H50-000,f6,W1
recall-00838,A2,W2b-H50-002,f4,W2b
recall-00839,A3,W4-128-H100-002,f3,W4-128
recall-00840,B2,W2c-H200-000,f6,W2c
recall-00841,A2,W2c-H200-000,f1,W2c
recall-00842,A4,W1-H100-000,f9,W1
recall-00843,A1,W3-H100-000,f2,W3
recall-00844,A4,W2b-H100-002,f9,W2b
recall-00845,A1,W2b-H200-001,f11,W2b
recall-00846,A2,W2a-H200-000,f0,W2a
recall-00847,A3,W2c-H50-000,f6,W2c
recall-00848,A1,W1-H50-000,f4,W1
recall-00849,B0,W1-H100-000,f8,W1
recall-00850,B1,W4-128-H200-002,f10,W4-128
recall-00851,A3,W4-128-H100-002,f6,W4-128
recall-00852,A1,W4-128-H100-002,f1,W4-128
recall-00853,A1,W3-H100-000,f6,W3
recall-00854,B2,W2c-H100-000,f1,W2c
recall-00855,A2,W4-32-H50-000,f3,W4-32
recall-00856,A4,W4-32-H50-000,f1,W4-32
recall-00857,B3,W2c-H200-000,f5,W2c
recall-00858,B1,W2b-H200-001,f11,W2b
recall-00859,B1x2,W3-H200-000,f8,W3
recall-00860,B1x2,W3-H50-002,f6,W3
recall-00861,A4,W1-H50-000,f3,W1
recall-00862,B1,W2b-H100-002,f8,W2b
recall-00863,B1,W1-H50-002,f6,W1
recall-00864,A4,W4-32-H200-002,f7,W4-32
recall-00865,B3,W2b-H50-002,f1,W2b
recall-00866,B0,W2a-H200-000,f4,W2a
recall-00867,A3,W2a-H200-000,f6,W2a
recall-00868,B1,W1-H50-000,f6,W1
recall-00869,A3,W3-H50-002,f5,W3
recall-00870,B1x2,W1-H50-001,f7,W1
recall-00871,A2,W1-H50-001,f2,W1
recall-00872,B1,W2b-H200-000,f9,W2b
recall-00873,B0,W2a-H200-000,f6,W2a
recall-00874,B2,W3-H100-000,f4,W3
recall-00875,A2,W2b-H100-002,f8,W2b
recall-00876,A1,W2c-H100-000,f6,W2c
recall-00877,A3,W2c-H200-000,f4,W2c
recall-00878,B1,W1-H200-002,f9,W1
recall-00879,F4,W3-H200-000,f8,W3
recall-00880,A4,W3-H100-000,f7,W3
recall-00881,A1,W3-H50-002,f6,W3
recall-00882,B3,W1-H200-002,f9,W1
recall-00883,A4,W1-H50-000,f4,W1
recall-00884,F4,W2c-H200-000,f9,W2c
recall-00885,A1,W4-32-H100-002,f2,W4-32
recall-00886,A3,W1-H50-002,f1,W1
recall-00887,A3,W2b-H200-002,f10,W2b
recall-00888,A1,W2a-H200-000,f3,W2a
recall-00889,B2,W2c-H200-000,f0,W2c
recall-00890,B0,W3-H100-000,f3,W3
recall-00891,A2,W1-H100-000,f8,W1
recall-00892,B0,W2c-H50-000,f2,W2c
recall-00893,A3,W3-H200-000,f8,W3
recall-00894,F4,W3-H100-002,f3,W3
recall-00895,A3,W3-H100-002,f1,W3
recall-00896,A4,W4-32-H200-001,f9,W4-32
recall-00897,B1,W4-128-H100-002,f2,W4-128
recall-00898,B2,W2b-H50-002,f6,W2b
recall-00899,B3,W2c-H100-000,f6,W2c
recall-00900,B1,W3-H100-002,f3,W3
recall-00901,B3,W2a-H200-000,f1,W2a
recall-00902,A1,W2b-H200-002,f10,W2b
recall-00903,A3,W2c-H100-000,f4,W2c
recall-00904,A2,W4-128-H100-002,f6,W4-128
recall-00905,A2,W3-H200-001,f9,W3
recall-00906,B1x2,W2b-H200-001,f0,W2b
recall-00907,B1x2,W2b-H50-002,f1,W2b
recall-00908,B3,W2c-H200-000,f2,W2c
recall-00909,B1x2,W4-128-H100-002,f6,W4-128
recall-00910,B1,W1-H50-002,f1,W1
recall-00911,B0,W2b-H100-002,f8,W2b
recall-00912,B2,W4-32-H50-000,f5,W4-32
recall-00913,A3,W2c-H50-000,f0,W2c
recall-00914,B3,W2a-H50-002,f3,W2a
recall-00915,B1,W2c-H100-000,f6,W2c
recall-00916,B1,W3-H50-002,f5,W3
recall-00917,B1x2,W2c-H200-000,f6,W2c
recall-00918,A2,W4-128-H200-001,f11,W4-128
recall-00919,F4,W2b-H200-001,f2,W2b
recall-00920,B1,W2a-H200-000,f2,W2a
recall-00921,B0,W2c-H50-000,f6,W2c
recall-00922,B0,W3-H100-002,f3,W3
recall-00923,B1,W4-128-H100-002,f7,W4-128
recall-00924,B1x2,W2a-H50-001,f3,W2a
recall-00925,B0,W2c-H200-000,f3,W2c
recall-00926,A3,W4-32-H200-002,f7,W4-32
recall-00927,A3,W3-H100-002,f7,W3
recall-00928,A3,W3-H50-002,f2,W3
recall-00929,A3,W1-H50-002,f6,W1
recall-00930,F4,W2c-H200-000,f0,W2c
recall-00931,B2,W4-128-H100-002,f7,W4-128
recall-00932,B2,W2b-H200-001,f4,W2b
recall-00933,A4,W2a-H200-001,f0,W2a
recall-00934,B0,W2c-H50-000,f4,W2c
recall-00935,A4,W2b-H50-002,f1,W2b
recall-00936,A2,W1-H50-002,f3,W1
recall-00937,B1,W2b-H50-002,f1,W2b
recall-00938,B0,W2a-H50-002,f5,W2a
recall-00939,B2,W4-128-H200-001,f8,W4-128
recall-00940,A3,W3-H100-000,f7,W3
recall-00941,F4,W3-H50-002,f4,W3
recall-00942,B3,W2b-H200-001,f0,W2b
recall-00943,A2,W2a-H50-002,f5,W2a
recall-00944,A2,W4-128-H200-001,f8,W4-128
recall-00945,B3,W4-128-H200-001,f8,W4-128
recall-00946,B1x2,W1-H50-001,f2,W1
recall-00947,B2,W3-H100-000,f6,W3
recall-00948,A2,W2a-H50-001,f4,W2a
recall-00949,A3,W3-H100-000,f0,W3
recall-00950,A4,W4-128-H100-002,f0,W4-128
recall-00951,A3,W2c-H200-000,f2,W2c
recall-00952,B1,W2a-H200-001,f6,W2a
recall-00953,A3,W3-H100-000,f3,W3
recall-00954,B0,W4-32-H100-002,f5,W4-32
recall-00955,A1,W2b-H50-002,f1,W2b
recall-00956,A2,W3-H50-002,f3,W3
recall-00957,B1,W2b-H100-002,f9,W2b
recall-00958,B1x2,W3-H100-000,f6,W3
recall-00959,B3,W2c-H100-000,f1,W2c
recall-00960,A1,W2a-H200-001,f6,W2a
recall-00961,F4,W2c-H50-000,f7,W2c
recall-00962,A2,W2b-H200-001,f2,W2b
recall-00963,B1,W2c-H200-000,f1,W2c
recall-00964,A2,W2a-H200-000,f4,W2a
recall-00965,B0,W2b-H200-001,f2,W2b
recall-00966,B0,W2b-H100-002,f9,W2b
recall-00967,B0,W1-H50-001,f2,W1
recall-00968,A1,W1-H50-002,f6,W1
recall-00969,B0,W2c-H50-000,f5,W2c
recall-00970,F4,W4-32-H50-000,f3,W4-32
recall-00971,A2,W2a-H200-001,f4,W2a
recall-00972,B2,W3-H100-002,f5,W3
recall-00973,B3,W2a-H50-001,f3,W2a
recall-00974,B2,W3-H100-000,f5,W3
recall-00975,A4,W1-H50-001,f1,W1
recall-00976,A2,W2b-H50-002,f1,W2b
recall-00977,A4,W2a-H200-000,f6,W2a
recall-00978,B1x2,W3-H200-001,f9,W3
recall-00979,F4,W1-H200-002,f9,W1
recall-00980,B1,W3-H50-002,f0,W3
recall-00981,B1,W2b-H200-001,f4,W2b
recall-00982,A2,W1-H50-001,f7,W1
recall-00983,A1,W2c-H200-002,f11,W2c
recall-00984,B3,W3-H100-000,f2,W3
recall-00985,B1x2,W3-H100-000,f5,W3
recall-00986,B2,W3-H100-000,f3,W3
recall-00987,B2,W2a-H200-000,f3,W2a
recall-00988,B1,W4-32-H200-002,f3,W4-32
recall-00989,A4,W4-128-H100-002,f6,W4-128
recall-00990,B1,W3-H100-000,f3,W3
recall-00991,A1,W2a-H200-000,f0,W2a
recall-00992,F4,W4-32-H100-002,f0,W4-32
recall-00993,B0,W3-H100-000,f2,W3
recall-00994,B2,W2b-H200-001,f0,W2b
recall-00995,F4,W4-32-H50-000,f5,W4-32
recall-00996,B1,W4-128-H100-002,f1,W4-128
recall-00997,B1,W4-32-H50-000,f7,W4-32
recall-00998,B1,W2c-H50-000,f4,W2c
recall-00999,B3,W1-H50-000,f4,W1
recall-01000,A2,W3-H100-000,f6,W3
recall-01001,B1x2,W2c-H50-000,f6,W2c
recall-01002,B3,W4-32-H50-000,f3,W4-32
recall-01003,A3,W4-128-H100-002,f0,W4-128
recall-01004,A4,W2b-H50-002,f4,W2b
recall-01005,A1,W2a-H200-000,f6,W2a
recall-01006,A2,W3-H50-002,f5,W3
recall-01007,B2,W3-H50-002,f1,W3
recall-01008,B2,W2b-H200-002,f10,W2b
recall-01009,B0,W4-32-H200-002,f7,W4-32
recall-01010,B0,W3-H50-002,f0,W3
recall-01011,A1,W1-H100-000,f9,W1
recall-01012,B1x2,W4-128-H200-001,f8,W4-128
recall-01013,A1,W4-128-H200-001,f11,W4-128
recall-01014,B1x2,W4-32-H50-000,f7,W4-32
recall-01015,A1,W4-32-H100-002,f5,W4-32
recall-01016,B0,W4-128-H100-002,f0,W4-128
recall-01017,B2,W3-H100-000,f7,W3
recall-01018,B1x2,W3-H100-000,f3,W3
recall-01019,B3,W4-128-H200-002,f11,W4-128
recall-01020,F4,W3-H100-002,f5,W3
recall-01021,B1x2,W2b-H200-002,f10,W2b
recall-01022,B2,W2a-H50-002,f5,W2a
recall-01023,B3,W4-32-H200-002,f1,W4-32
recall-01024,A1,W1-H200-001,f10,W1
recall-01025,B0,W1-H200-001,f10,W1
recall-01026,F4,W4-32-H50-000,f7,W4-32
recall-01027,F4,W2b-H200-001,f0,W2b
recall-01028,B0,W2b-H200-001,f6,W2b
recall-01029,B2,W1-H50-000,f3,W1
recall-01030,A1,W1-H50-002,f1,W1
recall-01031,A1,W2b-H50-002,f3,W2b
recall-01032,B1,W3-H100-000,f6,W3
recall-01033,B1,W4-32-H200-002,f1,W4-32
recall-01034,A3,W3-H50-002,f4,W3
recall-01035,B3,W2a-H200-001,f0,W2a
recall-01036,B2,W4-128-H200-001,f11,W4-128
recall-01037,B1x2,W1-H100-000,f9,W1
recall-01038,A2,W2a-H50-002,f6,W2a
recall-01039,A4,W2c-H50-000,f2,W2c
recall-01040,A2,W4-32-H200-002,f1,W4-32
recall-01041,B2,W2a-H50-002,f3,W2a
recall-01042,B2,W4-32-H100-002,f2,W4-32
recall-01043,B1x2,W4-128-H100-002,f7,W4-128
recall-01044,B3,W2a-H200-000,f7,W2a
recall-01045,A1,W4-128-H200-002,f11,W4-128
recall-01046,A3,W2a-H200-001,f6,W2a
recall-01047,B2,W2a-H200-000,f6,W2a
recall-01048,B3,W2b-H100-002,f8,W2b
recall-01049,B2,W2b-H200-001,f2,W2b
recall-01050,A2,W2c-H200-000,f4,W2c
recall-01051,A4,W2c-H200-000,f4,W2c
recall-01052,B1,W3-H200-000,f8,W3
recall-01053,A1,W4-128-H100-002,f6,W4-128
recall-01054,A4,W2c-H200-002,f11,W2c
recall-01055,B0,W1-H50-002,f3,W1
recall-01056,B3,W2c-H50-000,f6,W2c
recall-01057,A1,W1-H50-001,f7,W1
recall-01058,A2,W4-128-H200-002,f11,W4-128
recall-01059,A4,W3-H200-000,f8,W3
recall-01060,F4,W2a-H200-001,f0,W2a
recall-01061,A3,W2b-H200-001,f6,W2b
recall-01062,B1x2,W2b-H200-001,f2,W2b
recall-01063,A4,W1-H50-001,f2,W1
recall-01064,B2,W1-H50-001,f1,W1
recall-01065,B1x2,W4-128-H200-001,f11,W4-128
recall-01066,F4,W1-H50-000,f1,W1
recall-01067,B0,W2a-H50-001,f3,W2a
recall-01068,F4,W2c-H200-000,f6,W2c
recall-01069,F4,W2c-H200-002,f8,W2c
recall-01070,B0,W2c-H200-002,f8,W2c
recall-01071,B2,W1-H50-000,f1,W1
recall-01072,A2,W4-128-H100-002,f1,W4-128
recall-01073,A3,W3-H50-002,f0,W3
recall-01074,A1,W3-H100-002,f1,W3
recall-01075,A4,W3-H100-000,f5,W3
recall-01076,B0,W2a-H50-002,f6,W2a
recall-01077,A1,W4-32-H50-000,f7,W4-32
recall-01078,A4,W2a-H50-002,f3,W2a
recall-01079,B3,W2a-H200-001,f6,W2a
recall-01080,A4,W4-128-H100-002,f2,W4-128
recall-01081,B2,W3-H100-000,f2,W3
recall-01082,A4,W2c-H50-000,f0,W2c
recall-01083,B2,W2b-H50-002,f3,W2b
recall-01084,A2,W3-H100-000,f0,W3
recall-01085,A4,W3-H100-000,f0,W3
recall-01086,B3,W1-H50-002,f3,W1
recall-01087,A2,W2c-H100-000,f4,W2c
recall-01088,B1x2,W4-32-H100-000,f9,W4-32
recall-01089,A2,W2c-H50-000,f4,W2c
recall-01090,B1x2,W2c-H50-000,f1,W2c
recall-01091,B3,W3-H100-002,f1,W3
recall-01092,F4,W4-32-H50-000,f1,W4-32
recall-01093,B1,W3-H100-002,f1,W3
recall-01094,F4,W1-H50-002,f1,W1
recall-01095,A1,W2a-H50-001,f0,W2a
recall-01096,A4,W3-H50-002,f6,W3
recall-01097,A1,W2c-H200-000,f7,W2c
recall-01098,B3,W1-H50-002,f6,W1
recall-01099,B3,W2a-H200-000,f2,W2a
recall-01100,A4,W2c-H200-000,f1,W2c
recall-01101,A3,W4-128-H200-001,f8,W4-128
recall-01102,B1,W1-H100-000,f9,W1
recall-01103,A4,W2a-H200-000,f2,W2a
recall-01104,A3,W4-128-H100-002,f7,W4-128
recall-01105,B2,W2b-H200-001,f6,W2b
recall-01106,A2,W2c-H50-000,f7,W2c
recall-01107,B0,W1-H50-002,f1,W1
recall-01108,B2,W1-H50-002,f1,W1
recall-01109,A1,W2a-H50-002,f6,W2a
recall-01110,B2,W2c-H200-000,f7,W2c
recall-01111,A4,W3-H100-002,f3,W3
recall-01112,A3,W3-H100-000,f2,W3
recall-01113,F4,W2a-H50-001,f3,W2a
recall-01114,A3,W4-32-H50-000,f1,W4-32
recall-01115,B3,W3-H100-002,f3,W3
recall-01116,A3,W2b-H200-001,f2,W2b
recall-01117,A2,W3-H200-002,f10,W3
recall-01118,B0,W2c-H200-002,f11,W2c
recall-01119,B0,W4-32-H100-000,f8,W4-32
recall-01120,A4,W3-H100-002,f8,W3
recall-01121,A4,W2a-H200-001,f6,W2a
recall-01122,A4,W2a-H200-001,f4,W2a
recall-01123,A4,W3-H50-002,f3,W3
recall-01124,B1,W2a-H50-001,f4,W2a
recall-01125,A3,W2a-H200-000,f1,W2a
recall-01126,B2,W4-32-H100-002,f7,W4-32
recall-01127,B3,W4-128-H100-002,f7,W4-128
recall-01128,B0,W2a-H50-002,f1,W2a
recall-01129,A4,W2a-H200-000,f0,W2a
recall-01130,A1,W3-H200-002,f10,W3
recall-01131,F4,W2c-H50-000,f6,W2c
recall-01132,A1,W2c-H200-000,f6,W2c
recall-01133,A4,W1-H50-001,f4,W1
recall-01134,A2,W1-H50-002,f1,W1
recall-01135,A3,W2c-H50-000,f5,W2c
recall-01136,A1,W2c-H100-000,f4,W2c
recall-01137,A1,W3-H100-000,f4,W3
recall-01138,B1,W1-H50-000,f3,W1
recall-01139,A3,W2a-H50-001,f0,W2a
recall-01140,B1,W2c-H100-000,f3,W2c
recall-01141,F4,W3-H100-002,f1,W3
recall-01142,A3,W4-128-H200-002,f10,W4-128
recall-01143,A4,W2a-H200-000,f5,W2a
recall-01144,B2,W2a-H200-001,f6,W2a
recall-01145,A2,W2b-H50-002,f6,W2b
recall-01146,A3,W2b-H50-002,f4,W2b
recall-01147,B1x2,W1-H50-000,f1,W1
recall-01148,F4,W2a-H200-001,f4,W2a
recall-01149,A3,W2a-H50-001,f6,W2a
recall-01150,B3,W3-H50-002,f4,W3
recall-01151,A2,W2b-H100-002,f9,W2b
recall-01152,F4,W2c-H200-000,f3,W2c
recall-01153,B2,W2a-H200-001,f0,W2a
recall-01154,A2,W4-32-H100-000,f8,W4-32
recall-01155,A1,W2c-H50-000,f1,W2c
recall-01156,B0,W3-H50-002,f5,W3
recall-01157,B3,W1-H50-001,f4,W1
recall-01158,A1,W3-H50-002,f5,W3
recall-01159,B0,W2a-H200-001,f4,W2a
recall-01160,B2,W2c-H200-002,f8,W2c
recall-01161,A3,W2b-H50-002,f3,W2b
recall-01162,A4,W1-H200-002,f9,W1
recall-01163,B1,W3-H100-002,f5,W3
recall-01164,F4,W3-H100-000,f0,W3
recall-01165,A2,W2a-H200-001,f0,W2a
recall-01166,F4,W3-H100-000,f5,W3
recall-01167,A1,W2a-H50-001,f3,W2a
recall-01168,A1,W4-128-H200-002,f9,W4-128
recall-01169,B0,W2a-H50-001,f0,W2a
recall-01170,B1,W2a-H50-001,f0,W2a
recall-01171,A1,W4-128-H100-002,f3,W4-128
recall-01172,B1x2,W3-H100-000,f0,W3
recall-01173,B2,W2a-H50-001,f0,W2a
recall-01174,F4,W4-32-H200-001,f9,W4-32
recall-01175,A4,W4-128-H100-002,f1,W4-128
recall-01176,F4,W3-H100-002,f7,W3
recall-01177,A1,W4-128-H100-002,f7,W4-128
recall-01178,B0,W3-H100-000,f4,W3
recall-01179,F4,W2c-H200-000,f1,W2c
recall-01180,B2,W2c-H200-000,f4,W2c
recall-01181,B1x2,W2c-H100-000,f4,W2c
recall-01182,F4,W2a-H200-000,f4,W2a
recall-01183,B2,W1-H100-000,f9,W1
recall-01184,A4,W2b-H200-000,f9,W2b
recall-01185,B2,W3-H100-000,f1,W3
recall-01186,F4,W3-H100-000,f1,W3
recall-01187,B0,W3-H100-002,f8,W3
recall-01188,F4,W4-128-H200-001,f8,W4-128
recall-01189,A2,W2c-H200-000,f0,W2c
recall-01190,B1x2,W4-128-H100-002,f1,W4-128
recall-01191,A3,W4-32-H100-002,f2,W4-32
recall-01192,A4,W4-128-H100-002,f5,W4-128
recall-01193,B0,W3-H100-000,f1,W3
recall-01194,A2,W1-H50-001,f1,W1
recall-01195,B1x2,W2b-H200-001,f4,W2b
recall-01196,A3,W4-128-H100-002,f4,W4-128
recall-01197,A4,W2c-H50-000,f3,W2c
recall-01198,F4,W1-H50-000,f4,W1
recall-01199,A4,W2b-H200-001,f0,W2b
recall-01200,B0,W2a-H200-000,f3,W2a
recall-01201,B0,W2c-H100-000,f4,W2c
recall-01202,B1x2,W4-32-H50-000,f5,W4-32
recall-01203,B0,W4-32-H100-002,f2,W4-32
recall-01204,B3,W4-32-H200-002,f5,W4-32
recall-01205,B3,W1-H50-000,f3,W1
recall-01206,B1,W2c-H200-000,f7,W2c
recall-01207,B1,W3-H50-002,f4,W3
recall-01208,B1,W2c-H50-000,f6,W2c
recall-01209,A3,W2c-H100-000,f1,W2c
recall-01210,B2,W4-32-H50-000,f7,W4-32
recall-01211,A4,W3-H50-002,f2,W3
recall-01212,A1,W2a-H50-001,f4,W2a
recall-01213,B0,W1-H50-002,f6,W1
recall-01214,B1,W2c-H50-000,f3,W2c
recall-01215,A2,W1-H50-000,f4,W1
recall-01216,A4,W4-128-H100-002,f7,W4-128
recall-01217,B1,W1-H50-000,f1,W1
recall-01218,B1x2,W2a-H50-001,f4,W2a
recall-01219,B3,W3-H100-002,f8,W3
recall-01220,F4,W4-32-H200-002,f7,W4-32
recall-01221,B0,W1-H50-002,f5,W1
recall-01222,B1,W3-H50-002,f1,W3
recall-01223,B0,W2b-H200-001,f11,W2b
recall-01224,B3,W4-128-H100-002,f5,W4-128
recall-01225,B2,W2b-H50-002,f4,W2b
recall-01226,A3,W1-H50-001,f2,W1
recall-01227,B1,W1-H50-001,f1,W1
recall-01228,B1,W4-128-H100-002,f5,W4-128
recall-01229,B2,W4-32-H100-002,f0,W4-32
recall-01230,A2,W4-32-H50-000,f7,W4-32
recall-01231,B2,W2a-H200-000,f2,W2a
recall-01232,B3,W3-H50-002,f3,W3
recall-01233,B2,W3-H100-002,f3,W3
recall-01234,A4,W4-32-H100-000,f9,W4-32
recall-01235,B1,W4-128-H200-002,f11,W4-128
recall-01236,A4,W4-32-H200-002,f3,W4-32
recall-01237,B1x2,W3-H50-002,f1,W3
recall-01238,A4,W2a-H50-001,f0,W2a
recall-01239,B3,W2b-H200-001,f2,W2b
recall-01240,A4,W2c-H100-000,f6,W2c
recall-01241,B2,W2c-H100-000,f3,W2c
recall-01242,A4,W2b-H200-001,f4,W2b
recall-01243,B1,W4-32-H100-000,f9,W4-32
recall-01244,A3,W4-128-H200-002,f9,W4-128
recall-01245,A3,W4-32-H50-000,f3,W4-32
recall-01246,B1x2,W3-H100-002,f1,W3
recall-01247,A1,W4-32-H50-000,f5,W4-32
recall-01248,A1,W2a-H200-000,f7,W2a
recall-01249,A2,W2a-H200-000,f6,W2a
