lid,world,cond,turns,completed,corrupt_turns,backend_errors,replay_full,replay_snapshot,replay_restart,replayable,mutation_log_replay
W3-live-00,W3,F2,39,True,0,0,True,True,True,True,
W3-live-00,W3,F1,39,True,17,0,,,,False,True
W3-live-01,W3,F3,39,True,36,0,,,,False,True
W3-live-01,W3,F2,39,True,0,0,True,True,True,True,
W3-live-00,W3,F4,39,True,0,0,True,True,True,True,
W2a-live-01,W2a,F2,39,True,0,0,True,True,True,True,
W3-live-00,W3,A5,39,True,0,1,True,True,True,True,
W2a-live-01,W2a,F1,39,True,21,0,,,,False,True
W2a-live-01,W2a,A6,39,True,0,0,,,,False,True
W3-live-01,W3,F1,39,True,36,0,,,,False,True
W3-live-00,W3,F3,39,True,28,1,,,,False,True
W2b-live-00,W2b,F4,39,True,0,0,True,True,True,True,
W2b-live-00,W2b,F3,39,True,34,0,,,,False,True
W3-live-00,W3,A6,39,True,0,0,,,,False,True
W2c-live-00,W2c,F1,39,True,5,0,,,,False,True
W2b-live-00,W2b,F2,39,True,0,0,True,True,True,True,
W2c-live-00,W2c,A6,39,True,0,0,,,,False,True
W3-live-01,W3,A6,39,True,0,0,,,,False,True
W3-live-01,W3,F4,39,True,0,0,True,True,True,True,
W3-live-01,W3,A5,39,True,0,0,True,True,True,True,
W2b-live-00,W2b,F1,39,True,34,0,,,,False,True
W2b-live-01,W2b,F1,39,True,35,0,,,,False,True
W4-32-live-00,W4-32,F2,39,True,0,0,True,True,True,True,
W4-32-live-00,W4-32,F3,39,True,20,0,,,,False,True
W2a-live-01,W2a,F4,39,True,0,0,True,True,True,True,
W2c-live-01,W2c,F3,39,True,36,0,,,,False,True
W2a-live-01,W2a,A5,39,True,0,0,True,True,True,True,
W2a-live-00,W2a,F4,39,True,0,0,True,True,True,True,
W2a-live-00,W2a,F2,39,True,0,0,True,True,True,True,
W2a-live-00,W2a,A5,39,True,0,0,True,True,True,True,
W2b-live-00,W2b,A6,39,True,0,0,,,,False,True
W2c-live-00,W2c,F2,39,True,0,1,True,True,True,True,
W2a-live-00,W2a,F1,39,True,36,0,,,,False,True
W2c-live-00,W2c,F4,39,True,0,0,True,True,True,True,
W2b-live-01,W2b,F3,39,True,30,0,,,,False,True
W4-32-live-00,W4-32,A5,39,True,0,0,True,True,True,True,
W4-32-live-00,W4-32,F4,39,True,0,0,True,True,True,True,
W2b-live-01,W2b,F2,39,True,0,0,True,True,True,True,
W4-32-live-00,W4-32,F1,39,True,20,0,,,,False,True
W4-32-live-00,W4-32,A6,39,True,0,0,,,,False,True
W2b-live-00,W2b,A5,39,True,0,0,True,True,True,True,
W1-live-00,W1,A6,39,True,0,0,,,,False,True
W2b-live-01,W2b,F4,39,True,0,0,True,True,True,True,
W2c-live-01,W2c,A5,39,True,0,0,True,True,True,True,
W2a-live-00,W2a,F3,39,True,36,0,,,,False,True
W1-live-00,W1,F1,39,True,36,0,,,,False,True
W2b-live-01,W2b,A6,39,True,0,0,,,,False,True
W2a-live-01,W2a,F3,39,True,36,0,,,,False,True
W1-live-00,W1,F3,39,True,35,0,,,,False,True
W2c-live-01,W2c,F1,39,True,36,0,,,,False,True
W2c-live-00,W2c,F3,39,True,5,0,,,,False,True
W1-live-00,W1,F4,39,True,0,0,True,True,True,True,
W1-live-00,W1,A5,39,True,0,0,True,True,True,True,
W2c-live-00,W2c,A5,39,True,0,0,True,True,True,True,
W1-live-01,W1,F1,39,True,35,0,,,,False,True
W2c-live-01,W2c,F4,39,True,0,0,True,True,True,True,
W2c-live-01,W2c,F2,39,True,0,0,True,True,True,True,
W1-live-01,W1,A6,39,True,0,0,,,,False,True
W2b-live-01,W2b,A5,39,True,0,0,True,True,True,True,
W2a-live-00,W2a,A6,39,True,0,0,,,,False,True
W1-live-01,W1,A5,39,True,0,0,True,True,True,True,
W1-live-01,W1,F3,39,True,22,0,,,,False,True
W2c-live-01,W2c,A6,39,True,0,0,,,,False,True
W1-live-01,W1,F2,39,True,0,0,True,True,True,True,
W1-live-00,W1,F2,39,True,0,0,True,True,True,True,
W1-live-01,W1,F4,39,True,0,0,True,True,True,True,
W4-128-live-00,W4-128,F3,39,True,36,0,,,,False,True
W4-128-live-00,W4-128,A6,39,True,0,0,,,,False,True
W4-128-live-00,W4-128,F4,39,True,0,0,True,True,True,True,
W4-128-live-00,W4-128,A5,39,True,0,0,True,True,True,True,
W4-128-live-01,W4-128,F3,39,True,35,0,,,,False,True
W4-32-live-01,W4-32,F3,39,True,36,0,,,,False,True
W4-32-live-01,W4-32,A5,39,True,0,0,True,True,True,True,
W4-128-live-00,W4-128,F1,39,True,36,0,,,,False,True
W4-128-live-01,W4-128,A5,39,True,0,0,True,True,True,True,
W4-32-live-01,W4-32,F4,39,True,0,0,True,True,True,True,
W4-32-live-01,W4-32,F1,39,True,36,0,,,,False,True
W4-128-live-01,W4-128,A6,39,True,0,0,,,,False,True
W4-128-live-01,W4-128,F1,39,True,36,0,,,,False,True
W4-128-live-01,W4-128,F4,39,True,0,0,True,True,True,True,
W4-32-live-01,W4-32,A6,39,True,0,0,,,,False,True
W4-32-live-01,W4-32,F2,39,True,0,0,True,True,True,True,
W4-128-live-00,W4-128,F2,39,True,0,0,True,True,True,True,
W4-128-live-01,W4-128,F2,39,True,0,0,True,True,True,True,
