sid,world,turn,events,full_replay_ms,snapshot_ms
W1-H200-000,W1,16,29,6.5683319999152445,0.22839100006422086
W1-H200-000,W1,32,59,15.365830000064307,0.2554290001626214
W1-H200-000,W1,48,86,22.601136000048427,0.2802579999752197
W1-H200-000,W1,64,115,28.021756999805802,0.28323999981694215
W1-H200-000,W1,80,143,39.47305299993786,0.292331999844464
W1-H200-000,W1,96,169,44.74450799989427,0.28421899992281396
W1-H200-000,W1,112,196,54.18675499981873,0.27559099999052705
W1-H200-000,W1,128,225,64.72806700003275,0.3314430000500579
W1-H200-000,W1,144,252,73.74487300012333,0.33524299988130224
W1-H200-000,W1,160,280,79.8226499998691,0.3406299999824114
W1-H200-000,W1,176,312,84.27639100000306,0.3169679998791253
W1-H200-000,W1,192,337,90.43916900009208,0.3311129999019613
W1-H200-001,W1,16,32,8.325185000103374,0.2401749998170999
W1-H200-001,W1,32,60,15.96620400005122,0.29722200019932643
W1-H200-001,W1,48,89,23.196631000018897,0.2768329998161789
W1-H200-001,W1,64,119,31.5323540000918,0.29601000005641254
W1-H200-001,W1,80,148,37.22661300002983,0.27762900003835966
W1-H200-001,W1,96,174,47.88450799992461,0.3073750001476583
W1-H200-001,W1,112,198,53.4706770001776,0.31829599993216107
W1-H200-001,W1,128,224,59.436141000105636,0.2955879999717581
W1-H200-001,W1,144,246,64.50419099996907,0.3059519999624172
W1-H200-001,W1,160,272,78.70992999983173,0.3478280000308587
W1-H200-001,W1,176,303,82.26323999997476,0.3366440000718285
W1-H200-001,W1,192,331,100.70700200003557,0.359487999958219
W1-H200-002,W1,16,28,7.113280999874405,0.2561409999088937
W1-H200-002,W1,32,49,12.944081000114238,0.2782159999696887
W1-H200-002,W1,48,77,19.663751000052798,0.27692999992723344
W1-H200-002,W1,64,105,28.378922000001694,0.2878559998862329
W1-H200-002,W1,80,136,33.97516100017128,0.3073660000154632
W1-H200-002,W1,96,163,41.41580600003181,0.2968709998185659
W1-H200-002,W1,112,191,48.723107000114396,0.30508300005749334
W1-H200-002,W1,128,220,63.201542000115296,0.3603540001222427
W1-H200-002,W1,144,252,66.43920900000921,0.32154700011233217
W1-H200-002,W1,160,276,80.71407500005989,0.3328580000925285
W1-H200-002,W1,176,306,87.75878899996314,0.3586539999105298
W1-H200-002,W1,192,341,94.38925799986464,0.3612610000800487
W1-H200-003,W1,16,27,6.990682000150628,0.27614999999059364
W1-H200-003,W1,32,54,13.007228999867948,0.2584589999514719
W1-H200-003,W1,48,76,20.51958500010187,0.25673400000414404
W1-H200-003,W1,64,103,25.085702000069432,0.28099600012865267
W1-H200-003,W1,80,133,37.052310000035504,0.3063110000312008
W1-H200-003,W1,96,161,40.27078500007519,0.28172800011816435
W1-H200-003,W1,112,193,50.3012909998688,0.29086999984428985
W1-H200-003,W1,128,222,58.82599799997479,0.2999020000515884
W1-H200-003,W1,144,253,66.4205339999171,0.3362699999343022
W1-H200-003,W1,160,285,84.66272200007552,0.3135080000902235
W1-H200-003,W1,176,320,89.41608999998607,0.31897000008029863
W1-H200-003,W1,192,352,99.38270900011048,0.35729900014302984
W1-H200-004,W1,16,27,7.251257000007172,0.27729900011763675
W1-H200-004,W1,32,57,13.110530999938419,0.25340999991385615
W1-H200-004,W1,48,83,21.28982299996096,0.2767209998637554
W1-H200-004,W1,64,112,30.182663999994475,0.3037369999674411
W1-H200-004,W1,80,140,39.07891199992264,0.3241389999857347
W1-H200-004,W1,96,171,48.34232400003202,0.3228109999326989
W1-H200-004,W1,112,200,52.412278000019796,0.29883299998800794
W1-H200-004,W1,128,231,61.04692000008072,0.297372999966683
W1-H200-004,W1,144,258,76.05765499988593,0.3784789998917404
W1-H200-004,W1,160,285,84.08545799989042,0.3180880000854813
W1-H200-004,W1,176,312,94.81777500013777,0.3739339999810909
W1-H200-004,W1,192,339,104.534552999894,0.3425080001306924
W1-H200-005,W1,16,28,7.416113000090263,0.2853020000657125
W1-H200-005,W1,32,53,12.512559000015244,0.25705699999889475
W1-H200-005,W1,48,88,22.069743999963976,0.26786599983097403
W1-H200-005,W1,64,120,32.07988600001954,0.288730999955078
W1-H200-005,W1,80,152,38.08804400000554,0.2689270002065314
W1-H200-005,W1,96,183,44.58705000001828,0.2688209999632818
W1-H200-005,W1,112,215,59.0299650000361,0.27333000002727204
W1-H200-005,W1,128,243,65.24739599990426,0.3234089999750722
W1-H200-005,W1,144,272,67.91897599987351,0.3181710001172178
W1-H200-005,W1,160,300,77.46896999992714,0.2834020001500903
W1-H200-005,W1,176,331,87.21231800018359,0.32897899995987245
W1-H200-005,W1,192,362,95.9780820001015,0.32726399990679056
W2a-H200-000,W2a,16,35,11.352834000035728,0.2885750000132248
W2a-H200-000,W2a,32,63,20.15221900001052,0.2798349999011407
W2a-H200-000,W2a,48,98,34.94760099988525,0.2994269998453092
W2a-H200-000,W2a,64,125,45.36534799990477,0.3257920000123704
W2a-H200-000,W2a,80,152,57.08009800014224,0.35281899999972666
W2a-H200-000,W2a,96,183,62.35927000011543,0.32162899992727034
W2a-H200-000,W2a,112,215,74.99437400019815,0.3358080000452901
W2a-H200-000,W2a,128,245,94.92913999997654,0.3757069998755469
W2a-H200-000,W2a,144,280,100.45666900009564,0.37302400005501113
W2a-H200-000,W2a,160,311,113.73380899999574,0.3719859998909669
W2a-H200-000,W2a,176,341,136.97743900002024,0.43380600004638836
W2a-H200-000,W2a,192,370,150.56707600001573,0.4312559999561927
W2a-H200-001,W2a,16,33,11.055144000010841,0.31155200008470274
W2a-H200-001,W2a,32,60,22.120782999991206,0.33799599987105466
W2a-H200-001,W2a,48,81,30.12378899984469,0.3288440000233095
W2a-H200-001,W2a,64,107,39.574978000018746,0.29430399990815204
W2a-H200-001,W2a,80,130,44.6512050000365,0.3402949998871918
W2a-H200-001,W2a,96,156,58.82687799999076,0.31922300013320637
W2a-H200-001,W2a,112,189,66.48729800008368,0.3566010000213282
W2a-H200-001,W2a,128,218,79.29120300013892,0.32377299999097886
W2a-H200-001,W2a,144,249,88.9179939999849,0.33899999993991514
W2a-H200-001,W2a,160,278,102.5685170000088,0.344156999972256
W2a-H200-001,W2a,176,307,122.0174049999514,0.41571300016585155
W2a-H200-001,W2a,192,336,135.31011899999612,0.44834800019089016
W2a-H200-002,W2a,16,26,9.929978999934974,0.2826980000918411
W2a-H200-002,W2a,32,55,20.44615599993449,0.3511340000841301
W2a-H200-002,W2a,48,83,27.9519400000936,0.29966200008857413
W2a-H200-002,W2a,64,107,39.229392999914126,0.33474499991825724
W2a-H200-002,W2a,80,139,50.830493999910686,0.33992100020441285
W2a-H200-002,W2a,96,167,61.28451899985521,0.3467199999249715
W2a-H200-002,W2a,112,200,73.7329530002171,0.3490660001261858
W2a-H200-002,W2a,128,231,89.057916999991,0.3929079998670204
W2a-H200-002,W2a,144,261,101.02133600003071,0.3819539999767585
W2a-H200-002,W2a,160,293,114.236357999971,0.39424700003110047
W2a-H200-002,W2a,176,327,134.34050799992292,0.41578700006539293
W2a-H200-002,W2a,192,358,146.438463000095,0.42240300012963417
W2a-H200-003,W2a,16,30,10.735113999999157,0.3077650001159782
W2a-H200-003,W2a,32,58,19.979060999958165,0.30340600005729357
W2a-H200-003,W2a,48,87,30.65273399988655,0.3301490000922058
W2a-H200-003,W2a,64,112,36.13910599983683,0.28294899993852596
W2a-H200-003,W2a,80,137,45.45396899993648,0.34022199997707503
W2a-H200-003,W2a,96,165,56.2307459999829,0.3148309999687626
W2a-H200-003,W2a,112,194,72.13598400016963,0.3418890000830288
W2a-H200-003,W2a,128,223,85.42461399997592,0.381014999902618
W2a-H200-003,W2a,144,254,94.93736500007799,0.38180599995030207
W2a-H200-003,W2a,160,285,98.90884699984781,0.35455399984130054
W2a-H200-003,W2a,176,314,109.1694419999385,0.358496999979252
W2a-H200-003,W2a,192,343,131.32660100018256,0.38868899991939543
W2a-H200-004,W2a,16,29,10.56436399994709,0.2984150000884256
W2a-H200-004,W2a,32,53,19.003322999878947,0.3461119999883522
W2a-H200-004,W2a,48,77,26.57092599997668,0.2835949999280274
W2a-H200-004,W2a,64,106,40.18380499996965,0.3232459998798731
W2a-H200-004,W2a,80,132,46.05248200005008,0.33279800004493154
W2a-H200-004,W2a,96,158,55.065461999902254,0.32001899990063976
W2a-H200-004,W2a,112,186,71.08949999997094,0.3748120000182098
W2a-H200-004,W2a,128,217,80.61977500005924,0.3702909998537507
W2a-H200-004,W2a,144,247,96.41452500000014,0.37820200009264227
W2a-H200-004,W2a,160,278,101.7165330001717,0.36044400007995137
W2a-H200-004,W2a,176,306,121.86347700003353,0.3512820001105865
W2a-H200-004,W2a,192,338,129.19569799987585,0.43281100010972295
W2a-H200-005,W2a,16,34,12.437557999874116,0.31642899989492435
W2a-H200-005,W2a,32,61,24.53445199989801,0.3475400001207163
W2a-H200-005,W2a,48,90,34.92273400001977,0.3613689998474001
W2a-H200-005,W2a,64,127,46.40398300011839,0.39116500011004973
W2a-H200-005,W2a,80,157,56.706276000113576,0.37898899995525426
W2a-H200-005,W2a,96,189,74.35954799984756,0.44333000005281065
W2a-H200-005,W2a,112,219,86.18429700004526,0.4145979999066185
W2a-H200-005,W2a,128,245,99.5536280001943,0.39851400015322724
W2a-H200-005,W2a,144,272,110.33592100011447,0.4494520001117053
W2a-H200-005,W2a,160,302,125.7166740001594,0.4623879999599012
W2a-H200-005,W2a,176,330,126.24445699998432,0.4320230000303127
W2a-H200-005,W2a,192,355,132.67990999997892,0.46331399994414824
W2b-H200-000,W2b,16,32,15.52451500015195,0.3924019999885786
W2b-H200-000,W2b,32,63,29.804018000049837,0.35763200003202655
W2b-H200-000,W2b,48,95,46.33744900002057,0.42495999991842837
W2b-H200-000,W2b,64,126,56.374415999925986,0.4573069998059509
W2b-H200-000,W2b,80,151,76.37611000018296,0.45986400004949246
W2b-H200-000,W2b,96,182,90.15713899998445,0.48769299996820337
W2b-H200-000,W2b,112,212,97.51354700006232,0.46564399985982163
W2b-H200-000,W2b,128,239,119.36390899995786,0.4966770000010001
W2b-H200-000,W2b,144,273,132.76762200007397,0.5500199999914912
W2b-H200-000,W2b,160,305,141.92510399993807,0.5460699999275676
W2b-H200-000,W2b,176,335,156.2301250000928,0.48819499988894677
W2b-H200-000,W2b,192,369,193.06701999994402,0.6364030000440835
W2b-H200-001,W2b,16,31,13.256167000008645,0.3425589998187206
W2b-H200-001,W2b,32,61,29.978332999917257,0.4146290000335284
W2b-H200-001,W2b,48,92,40.64102000006642,0.3741049999916868
W2b-H200-001,W2b,64,127,57.91012800000317,0.4408750000948203
W2b-H200-001,W2b,80,155,71.99972500006879,0.4550359999484499
W2b-H200-001,W2b,96,190,91.2764120000702,0.47761900009390956
W2b-H200-001,W2b,112,221,105.30107700014923,0.4916360001061548
W2b-H200-001,W2b,128,255,134.19531099998494,0.5809369999951741
W2b-H200-001,W2b,144,287,156.34289700005866,0.6245079998734582
W2b-H200-001,W2b,160,315,154.33088700001463,0.5272819998936029
W2b-H200-001,W2b,176,345,186.97157900010097,0.5609639999875071
W2b-H200-001,W2b,192,374,188.60960599999999,0.5319809999946301
W2b-H200-002,W2b,16,29,13.774946000012278,0.3877059998558252
W2b-H200-002,W2b,32,65,29.89332100014508,0.4194610000922694
W2b-H200-002,W2b,48,88,42.73753300003591,0.44220900008440367
W2b-H200-002,W2b,64,117,56.117948000064644,0.41861399995468673
W2b-H200-002,W2b,80,140,68.0782229999295,0.44085400008953
W2b-H200-002,W2b,96,172,83.49843099995269,0.5315020000580262
W2b-H200-002,W2b,112,206,90.90731100013727,0.47004700013530964
W2b-H200-002,W2b,128,231,113.02285700003267,0.4884570000740496
W2b-H200-002,W2b,144,260,117.87137999999686,0.5146089999925607
W2b-H200-002,W2b,160,287,142.99329699997543,0.5185850000088976
W2b-H200-002,W2b,176,310,140.88222500004122,0.5474640001921216
W2b-H200-002,W2b,192,340,157.0830590001151,0.547069000049305
W2b-H200-003,W2b,16,33,14.673315999971237,0.37124400000720925
W2b-H200-003,W2b,32,59,28.768373000048086,0.42999499987672607
W2b-H200-003,W2b,48,94,46.023389000083625,0.46451900016108993
W2b-H200-003,W2b,64,120,58.415197999920565,0.4592440000124043
W2b-H200-003,W2b,80,152,75.84422500008259,0.48138700003619306
W2b-H200-003,W2b,96,183,82.9629649999788,0.44868700001643447
W2b-H200-003,W2b,112,211,95.32586299997092,0.4698960001405794
W2b-H200-003,W2b,128,247,113.73882599991703,0.5241510000359995
W2b-H200-003,W2b,144,279,129.73146200010888,0.5007669999486097
W2b-H200-003,W2b,160,310,142.4755670000195,0.5562670000927028
W2b-H200-003,W2b,176,342,160.24562699999478,0.5537049999020383
W2b-H200-003,W2b,192,375,177.59468799999922,0.5817620001380419
W2b-H200-004,W2b,16,29,14.395231000207787,0.35765099983109394
W2b-H200-004,W2b,32,58,27.52299100006894,0.3757149997909437
W2b-H200-004,W2b,48,87,42.41678900007173,0.4671399999551795
W2b-H200-004,W2b,64,114,56.610891999980595,0.5024510001021554
W2b-H200-004,W2b,80,143,70.91623999986041,0.5427979999694799
W2b-H200-004,W2b,96,174,80.9747299999799,0.528561000010086
W2b-H200-004,W2b,112,210,106.20999399998254,0.5259600000044884
W2b-H200-004,W2b,128,242,111.3457459998699,0.5132470000717149
W2b-H200-004,W2b,144,274,127.27514499988501,0.5601939999451133
W2b-H200-004,W2b,160,303,140.66703800017422,0.5451090000860859
W2b-H200-004,W2b,176,332,156.92084500005876,0.5497530000866391
W2b-H200-004,W2b,192,363,171.42001799993523,0.5776670000159356
W2b-H200-005,W2b,16,30,13.231645999894681,0.36611099994843244
W2b-H200-005,W2b,32,57,27.861984000082884,0.40140099986274436
W2b-H200-005,W2b,48,89,43.7613510000574,0.4117710000173247
W2b-H200-005,W2b,64,115,56.61565599984897,0.44664600000032806
W2b-H200-005,W2b,80,147,66.00925099996857,0.44892100004290114
W2b-H200-005,W2b,96,180,89.15003799984333,0.5188380000618054
W2b-H200-005,W2b,112,213,99.40249999999651,0.5465260001074057
W2b-H200-005,W2b,128,244,115.49114900003588,0.5366740001591097
W2b-H200-005,W2b,144,273,130.6730339999831,0.5500059999121731
W2b-H200-005,W2b,160,299,151.13611700007823,0.5472000000281696
W2b-H200-005,W2b,176,327,159.3496299999515,0.5514259999017668
W2b-H200-005,W2b,192,355,172.0181700000012,0.544274999811023
W2c-H200-000,W2c,16,29,15.211188000193943,0.3935460001684987
W2c-H200-000,W2c,32,54,31.422544999941238,0.45400599992717616
W2c-H200-000,W2c,48,81,47.9232380000667,0.46003600004951295
W2c-H200-000,W2c,64,116,70.9627129999717,0.516974999982267
W2c-H200-000,W2c,80,143,79.39916500004074,0.44808699999521195
W2c-H200-000,W2c,96,175,106.07566499993482,0.5965509999441565
W2c-H200-000,W2c,112,210,118.64542600005734,0.47524299998258357
W2c-H200-000,W2c,128,237,145.85153799998807,0.6457559998125362
W2c-H200-000,W2c,144,271,173.08960600007595,0.6375600000865234
W2c-H200-000,W2c,160,299,193.03929099987727,0.6435109999074484
W2c-H200-000,W2c,176,330,214.58325499997954,0.6574399999408342
W2c-H200-000,W2c,192,355,212.1504179999647,0.6360520001180703
W2c-H200-001,W2c,16,31,16.477903999884802,0.3981620000104158
W2c-H200-001,W2c,32,58,32.1322219999729,0.41047399986382516
W2c-H200-001,W2c,48,87,51.63474200003293,0.45721199990111927
W2c-H200-001,W2c,64,120,66.3714649999747,0.4979729999377014
W2c-H200-001,W2c,80,150,82.93239800013907,0.5115330000080576
W2c-H200-001,W2c,96,180,109.1738659999919,0.5877169999166654
W2c-H200-001,W2c,112,209,114.29426399990916,0.5700740000520454
W2c-H200-001,W2c,128,239,145.4189139999471,0.5754999999680876
W2c-H200-001,W2c,144,268,150.16056600006777,0.5948190000708564
W2c-H200-001,W2c,160,297,168.97625800015703,0.5988719999550085
W2c-H200-001,W2c,176,329,186.92550299988397,0.6116129998190445
W2c-H200-001,W2c,192,358,206.73943900010272,0.6080149998979323
W2c-H200-002,W2c,16,32,16.37823200007915,0.3843419999611797
W2c-H200-002,W2c,32,62,32.08534499981397,0.4120319999856292
W2c-H200-002,W2c,48,91,48.21660500010694,0.4703149998022127
W2c-H200-002,W2c,64,124,73.66269799990732,0.5074829998648056
W2c-H200-002,W2c,80,150,89.29596400002993,0.5025299999488197
W2c-H200-002,W2c,96,178,97.22319599995899,0.5136380000294594
W2c-H200-002,W2c,112,209,127.25686700014194,0.5763689998730115
W2c-H200-002,W2c,128,236,132.93348100000912,0.5888290002076246
W2c-H200-002,W2c,144,265,154.23869100004595,0.6137650000255235
W2c-H200-002,W2c,160,293,173.09655899998688,0.6339260000913782
W2c-H200-002,W2c,176,323,194.31684699998186,0.6720409999161348
W2c-H200-002,W2c,192,353,211.6472549998889,0.6411980000393669
W2c-H200-003,W2c,16,29,15.598495999938677,0.39911500016387436
W2c-H200-003,W2c,32,57,31.45481599995037,0.42778899978657137
W2c-H200-003,W2c,48,84,46.007660999976,0.44742199997926946
W2c-H200-003,W2c,64,110,59.53196600012234,0.5137959999501618
W2c-H200-003,W2c,80,138,75.57444700000815,0.519272000019555
W2c-H200-003,W2c,96,170,99.66067799996381,0.4892909998943651
W2c-H200-003,W2c,112,200,117.98608699996294,0.5735360000471701
W2c-H200-003,W2c,128,232,125.83027399978164,0.5509009999968839
W2c-H200-003,W2c,144,258,157.48966199998904,0.5868299999747251
W2c-H200-003,W2c,160,285,174.37819200017657,0.6065139998554514
W2c-H200-003,W2c,176,311,186.84771499988528,0.6007380000028206
W2c-H200-003,W2c,192,340,190.81423300008282,0.6047539998235152
W2c-H200-004,W2c,16,27,14.190583000072365,0.3837290000774374
W2c-H200-004,W2c,32,51,29.89263400013442,0.45599800000672985
W2c-H200-004,W2c,48,77,45.31416099985108,0.438598000073398
W2c-H200-004,W2c,64,103,60.83472900013476,0.5009239998798876
W2c-H200-004,W2c,80,129,79.20073700006469,0.5238629998984834
W2c-H200-004,W2c,96,158,97.96565200008445,0.5732200002057652
W2c-H200-004,W2c,112,190,104.79279599985603,0.5495300001712167
W2c-H200-004,W2c,128,220,125.74025100002473,0.555251999912798
W2c-H200-004,W2c,144,252,145.12558900014483,0.5967910001345444
W2c-H200-004,W2c,160,276,171.73370199998317,0.5626300001040363
W2c-H200-004,W2c,176,301,170.7429460000185,0.543245000017123
W2c-H200-004,W2c,192,329,190.3665990000718,0.5944899999121844
W2c-H200-005,W2c,16,33,17.601153999976304,0.44012400007886754
W2c-H200-005,W2c,32,64,33.463965999999346,0.4335609999088774
W2c-H200-005,W2c,48,91,51.52319900003022,0.4840020001211087
W2c-H200-005,W2c,64,116,66.32260200012752,0.47664999988228374
W2c-H200-005,W2c,80,146,86.14724199992452,0.4907480001747899
W2c-H200-005,W2c,96,177,95.25966199998948,0.5019350001020939
W2c-H200-005,W2c,112,209,123.65556700001434,0.5635089999032061
W2c-H200-005,W2c,128,236,140.0286650000453,0.6134549998932926
W2c-H200-005,W2c,144,267,147.06217999992077,0.5774229998678493
W2c-H200-005,W2c,160,291,164.34050999987448,0.5923409999013529
W2c-H200-005,W2c,176,316,190.9116009999252,0.6293929998264503
W2c-H200-005,W2c,192,348,195.00802700008535,0.6236860001536115
W3-H200-000,W3,16,28,12.753036000049178,0.34044299991364824
W3-H200-000,W3,32,50,22.68467600015356,0.3439999998136045
W3-H200-000,W3,48,78,37.92724300001282,0.36952999994355196
W3-H200-000,W3,64,109,52.16856899983213,0.37052100014989264
W3-H200-000,W3,80,139,67.46461100010492,0.44943199986846594
W3-H200-000,W3,96,168,74.10724700002902,0.39209300007314596
W3-H200-000,W3,112,197,96.43523400018239,0.4214079999655951
W3-H200-000,W3,128,227,110.96634700015784,0.43767500005742477
W3-H200-000,W3,144,261,118.2712199999969,0.4625980000128038
W3-H200-000,W3,160,287,137.15495400015243,0.4686909999236377
W3-H200-000,W3,176,319,144.91549600006692,0.46021000002838264
W3-H200-000,W3,192,349,179.17644199997085,0.5397469999479654
W3-H200-001,W3,16,30,13.04330400012077,0.3137960000003659
W3-H200-001,W3,32,64,30.60216400012905,0.36372799991113425
W3-H200-001,W3,48,97,48.23867300001439,0.40772399984234653
W3-H200-001,W3,64,127,57.0331509998141,0.342244999956165
W3-H200-001,W3,80,156,79.23100300013175,0.4400860000259854
W3-H200-001,W3,96,183,84.3080419999751,0.3921150000678608
W3-H200-001,W3,112,212,99.64946800005237,0.43532199993023823
W3-H200-001,W3,128,239,120.24091199987197,0.5089090000183205
W3-H200-001,W3,144,273,129.50482600012947,0.47100100005081913
W3-H200-001,W3,160,302,142.24418699996022,0.47580399996149936
W3-H200-001,W3,176,332,166.92530800014538,0.5399410001700744
W3-H200-001,W3,192,360,176.49079599982542,0.5017469998165325
W3-H200-002,W3,16,29,12.24141700004111,0.2972059999137855
W3-H200-002,W3,32,58,27.030239000168876,0.3582159999950818
W3-H200-002,W3,48,88,41.67749299995194,0.3676219998851593
W3-H200-002,W3,64,120,56.25047900002755,0.3787260000081005
W3-H200-002,W3,80,151,73.03788499984876,0.41617300007601443
W3-H200-002,W3,96,177,86.75197599995954,0.4180650000762398
W3-H200-002,W3,112,207,101.07433999996829,0.49682000008033356
W3-H200-002,W3,128,237,121.20555699993929,0.4979160000857519
W3-H200-002,W3,144,266,123.72635699989587,0.4897290000371868
W3-H200-002,W3,160,299,143.61415400003352,0.5221720000463392
W3-H200-002,W3,176,333,157.79265100013617,0.4986700000699784
W3-H200-002,W3,192,360,171.69519900016894,0.54227800001172
W3-H200-003,W3,16,34,14.26601799994387,0.3166750000218599
W3-H200-003,W3,32,63,29.468706999978167,0.34645699997781776
W3-H200-003,W3,48,95,45.73497499995938,0.37993199998709315
W3-H200-003,W3,64,125,60.884577000024365,0.38965300018389826
W3-H200-003,W3,80,155,75.48486799987586,0.40344500007449824
W3-H200-003,W3,96,185,91.33198800009268,0.42846499991355813
W3-H200-003,W3,112,211,106.45930300006512,0.4707519999556098
W3-H200-003,W3,128,243,122.53096599988567,0.4905890000372892
W3-H200-003,W3,144,270,124.22882300006677,0.5177509999612084
W3-H200-003,W3,160,296,138.0019660000471,0.474897999993118
W3-H200-003,W3,176,328,154.58667399980186,0.5033509999066155
W3-H200-003,W3,192,357,170.54207499995755,0.5795010001747869
W3-H200-004,W3,16,27,11.9610310000553,0.3011640001204796
W3-H200-004,W3,32,57,27.395772999852852,0.3734370000074705
W3-H200-004,W3,48,82,39.871544999869,0.377613000182464
W3-H200-004,W3,64,108,52.58506999985002,0.375865000023623
W3-H200-004,W3,80,136,66.65598700010378,0.39308000009441457
W3-H200-004,W3,96,167,82.57652500014956,0.38811500007795985
W3-H200-004,W3,112,201,98.72290099997372,0.44132800007901096
W3-H200-004,W3,128,230,113.3531140001196,0.45008300003246404
W3-H200-004,W3,144,259,130.3053930000715,0.4758479999509291
W3-H200-004,W3,160,286,148.12612999980956,0.507108999954653
W3-H200-004,W3,176,314,163.28846800001884,0.5210140000144747
W3-H200-004,W3,192,340,156.8103560000509,0.49285599993709184
W3-H200-005,W3,16,31,13.404269999909957,0.3290679999281565
W3-H200-005,W3,32,59,28.622991000020193,0.3769590000501921
W3-H200-005,W3,48,88,42.955133000077694,0.40190799995798443
W3-H200-005,W3,64,120,55.48081799997817,0.4891520000001037
W3-H200-005,W3,80,148,68.32793700004913,0.4560859999855893
W3-H200-005,W3,96,176,82.30764499990073,0.4755439999826194
W3-H200-005,W3,112,207,106.5072239998699,0.5365839999740274
W3-H200-005,W3,128,237,116.41757100005634,0.5111449997912132
W3-H200-005,W3,144,261,126.19938900002126,0.5013280001548992
W3-H200-005,W3,160,288,140.793720000147,0.5184879998978431
W3-H200-005,W3,176,321,158.2148469999538,0.524248000147054
W3-H200-005,W3,192,348,173.8908459999493,0.5493460000707273
W4-32-H200-000,W4-32,16,23,14.499868000029892,0.40964699996948184
W4-32-H200-000,W4-32,32,50,31.41514300000381,0.4455600001165294
W4-32-H200-000,W4-32,48,79,51.17210900016289,0.468158999865409
W4-32-H200-000,W4-32,64,107,75.44852499995613,0.5675419999988662
W4-32-H200-000,W4-32,80,134,93.40090599994255,0.5539269998280361
W4-32-H200-000,W4-32,96,165,117.52984400004607,0.5787160000636504
W4-32-H200-000,W4-32,112,197,126.42049800001587,0.5581799998708448
W4-32-H200-000,W4-32,128,229,161.72744999994393,0.6255359999158827
W4-32-H200-000,W4-32,144,258,187.49357299998337,0.642506000076537
W4-32-H200-000,W4-32,160,287,208.44536300000982,0.6594369999675109
W4-32-H200-000,W4-32,176,313,228.0506750000768,0.6381529999544
W4-32-H200-000,W4-32,192,336,243.75437699995928,0.6649269998888485
W4-32-H200-001,W4-32,16,29,16.963221999958478,0.3727190000972769
W4-32-H200-001,W4-32,32,56,36.018231999833006,0.430305000008957
W4-32-H200-001,W4-32,48,87,54.320613000072626,0.4813220000414731
W4-32-H200-001,W4-32,64,116,66.9327800001156,0.4536980000011681
W4-32-H200-001,W4-32,80,144,89.31607600015923,0.5260790001102578
W4-32-H200-001,W4-32,96,174,114.08690600001137,0.5653509999774542
W4-32-H200-001,W4-32,112,203,125.36929399993824,0.5342350000319129
W4-32-H200-001,W4-32,128,230,148.8133939999443,0.6137679999937973
W4-32-H200-001,W4-32,144,259,180.14817099992797,0.6538059999456891
W4-32-H200-001,W4-32,160,289,178.2380300001023,0.6012320000081672
W4-32-H200-001,W4-32,176,322,202.3998339998343,0.6334800000331597
W4-32-H200-001,W4-32,192,350,222.81427899997652,0.5436649998955545
W4-32-H200-002,W4-32,16,28,16.802576999907615,0.37517099985961977
W4-32-H200-002,W4-32,32,52,31.009625000024243,0.4121619999750692
W4-32-H200-002,W4-32,48,81,48.24924300010025,0.473837000072308
W4-32-H200-002,W4-32,64,110,73.36751299999378,0.5385629999636876
W4-32-H200-002,W4-32,80,140,93.70096199995714,0.5918389999806095
W4-32-H200-002,W4-32,96,174,103.37842099988848,0.5107439999392227
W4-32-H200-002,W4-32,112,204,122.83334199992169,0.5951449998065073
W4-32-H200-002,W4-32,128,235,158.72278300003018,0.6262370000058581
W4-32-H200-002,W4-32,144,263,173.88379299995904,0.5806599999687023
W4-32-H200-002,W4-32,160,290,196.1142740001378,0.6975909998345742
W4-32-H200-002,W4-32,176,316,217.59961699990527,0.636570000096981
W4-32-H200-002,W4-32,192,344,236.13006900018263,0.6788509999751113
W4-32-H200-003,W4-32,16,34,20.43502299989086,0.4030410000268603
W4-32-H200-003,W4-32,32,60,38.6365530000603,0.40503300010641397
W4-32-H200-003,W4-32,48,89,58.4947329998613,0.4468930001166882
W4-32-H200-003,W4-32,64,121,72.25408199997219,0.49693599999045546
W4-32-H200-003,W4-32,80,149,101.64176300008876,0.5626929998925334
W4-32-H200-003,W4-32,96,180,112.76350200000707,0.542590999884851
W4-32-H200-003,W4-32,112,213,151.5521720000379,0.6217729999207222
W4-32-H200-003,W4-32,128,244,173.37205700005143,0.6441719999656925
W4-32-H200-003,W4-32,144,269,173.0107420000877,0.6056740000985883
W4-32-H200-003,W4-32,160,293,196.3664830000198,0.5998149999868474
W4-32-H200-003,W4-32,176,320,209.67865000011443,0.6366099999013386
W4-32-H200-003,W4-32,192,355,228.4492930000397,0.570084999935716
W4-32-H200-004,W4-32,16,31,20.390273999964847,0.4140890000599029
W4-32-H200-004,W4-32,32,52,31.246095999904355,0.46517200007656356
W4-32-H200-004,W4-32,48,84,48.34647500001665,0.4073899999639252
W4-32-H200-004,W4-32,64,112,65.67013799985943,0.46468200002891535
W4-32-H200-004,W4-32,80,138,87.67331700005343,0.49430199987909873
W4-32-H200-004,W4-32,96,171,112.19375999985459,0.5697340000097029
W4-32-H200-004,W4-32,112,205,133.4963249998964,0.5536399999073183
W4-32-H200-004,W4-32,128,231,151.01840199986327,0.5559769999763375
W4-32-H200-004,W4-32,144,255,155.6913590000022,0.5799190000743693
W4-32-H200-004,W4-32,160,278,168.58625499980917,0.5981699998756085
W4-32-H200-004,W4-32,176,310,199.87082300008296,0.6290250000802189
W4-32-H200-004,W4-32,192,337,212.39235500001996,0.6490620000931813
W4-32-H200-005,W4-32,16,35,24.121161000039137,0.4824500001632259
W4-32-H200-005,W4-32,32,67,43.8761660000182,0.48553300007370126
W4-32-H200-005,W4-32,48,90,58.99985399992147,0.5363049999687064
W4-32-H200-005,W4-32,64,118,81.07625899992854,0.5369900000005146
W4-32-H200-005,W4-32,80,150,99.40427100013949,0.5881179999960295
W4-32-H200-005,W4-32,96,176,110.56586800009427,0.5647800001042924
W4-32-H200-005,W4-32,112,200,123.19368399994346,0.5834320002122695
W4-32-H200-005,W4-32,128,227,160.22986600000877,0.6200450000051205
W4-32-H200-005,W4-32,144,260,186.45145099981164,0.63167300004352
W4-32-H200-005,W4-32,160,285,180.68751600003452,0.6185050001477066
W4-32-H200-005,W4-32,176,309,218.27313600010712,0.678284000059648
W4-32-H200-005,W4-32,192,345,233.20281799988152,0.6265310000799218
W4-128-H200-000,W4-128,16,28,59.86077599982309,1.2042910000218399
W4-128-H200-000,W4-128,32,57,132.39411100016696,1.2805110000044806
W4-128-H200-000,W4-128,48,91,189.8490319999837,1.2696900000719324
W4-128-H200-000,W4-128,64,123,280.87517800008754,1.369337000141968
W4-128-H200-000,W4-128,80,153,322.99394200003917,1.3756739999735146
W4-128-H200-000,W4-128,96,176,369.09053699992,1.3690610001049208
W4-128-H200-000,W4-128,112,202,420.5061630000273,1.3899690000016562
W4-128-H200-000,W4-128,128,231,484.53277299995534,1.39414799991755
W4-128-H200-000,W4-128,144,258,542.8535150001608,1.4220200000636396
W4-128-H200-000,W4-128,160,284,605.5204659999163,1.373258000057831
W4-128-H200-000,W4-128,176,314,662.9311240001243,1.4222269999208947
W4-128-H200-000,W4-128,192,345,758.8673059999564,1.4354590000493772
W4-128-H200-001,W4-128,16,26,60.557994999953735,1.3217000000622647
W4-128-H200-001,W4-128,32,53,118.06483800000933,1.1901469999884284
W4-128-H200-001,W4-128,48,76,156.44177499984835,1.302236000128687
W4-128-H200-001,W4-128,64,101,205.53337999990617,1.2723120000828203
W4-128-H200-001,W4-128,80,128,269.16200200003004,1.3306499999998778
W4-128-H200-001,W4-128,96,162,331.008127999894,1.334507000137819
W4-128-H200-001,W4-128,112,196,409.4772759999614,1.2253360000613611
W4-128-H200-001,W4-128,128,222,459.3429290000586,1.3237590001153876
W4-128-H200-001,W4-128,144,246,559.2988719999994,1.4199300001109805
W4-128-H200-001,W4-128,160,278,634.0788879999764,1.3616859998819564
W4-128-H200-001,W4-128,176,312,645.234918000142,1.3525470001241047
W4-128-H200-001,W4-128,192,336,697.7158500001224,1.3346279999950639
W4-128-H200-002,W4-128,16,31,64.72341600010623,1.1218160000225907
W4-128-H200-002,W4-128,32,56,131.2717440000597,1.3724819998515159
W4-128-H200-002,W4-128,48,84,190.71377599993866,1.3145929999609507
W4-128-H200-002,W4-128,64,112,252.91814299998805,1.395698999886008
W4-128-H200-002,W4-128,80,141,290.8764500000416,1.3395329999639216
W4-128-H200-002,W4-128,96,172,397.29594200002794,1.4361569999437052
W4-128-H200-002,W4-128,112,201,455.16850600006364,1.3617049999083974
W4-128-H200-002,W4-128,128,226,472.4251079999249,1.3556000001244684
W4-128-H200-002,W4-128,144,254,585.9743640000943,1.3806249999106512
W4-128-H200-002,W4-128,160,285,658.6201239999809,1.3709509998989233
W4-128-H200-002,W4-128,176,315,735.1666019999357,1.52679899974828
W4-128-H200-002,W4-128,192,342,794.0928440002608,1.4591780000046128
W4-128-H200-003,W4-128,16,28,65.15414999967106,1.2198719996376894
W4-128-H200-003,W4-128,32,56,127.80325399990033,1.1857190002046991
W4-128-H200-003,W4-128,48,83,190.8999679999397,1.3513489998331352
W4-128-H200-003,W4-128,64,111,251.8381279996902,1.246718999937002
W4-128-H200-003,W4-128,80,139,316.9632009999077,1.4420440002140822
W4-128-H200-003,W4-128,96,168,380.42880900002274,1.3478169998961675
W4-128-H200-003,W4-128,112,200,417.55045900026744,1.331488000232639
W4-128-H200-003,W4-128,128,231,489.06294000016715,1.243067999894265
W4-128-H200-003,W4-128,144,259,533.1098419997033,1.348820000202977
W4-128-H200-003,W4-128,160,286,598.6707179999939,1.3470369999595277
W4-128-H200-003,W4-128,176,318,680.9642999996868,1.4045970001461683
W4-128-H200-003,W4-128,192,353,736.7918999998437,1.3496400001713482
W4-128-H200-004,W4-128,16,28,65.10957400041661,1.3237450002634432
W4-128-H200-004,W4-128,32,57,125.70486100003109,1.1744509997697605
W4-128-H200-004,W4-128,48,86,191.0355539998818,1.3288750001265726
W4-128-H200-004,W4-128,64,117,240.38208100000702,1.256128000022727
W4-128-H200-004,W4-128,80,145,331.95894100026635,1.401954999892041
W4-128-H200-004,W4-128,96,174,359.14885500005767,1.3393629997153766
W4-128-H200-004,W4-128,112,204,460.3231489995778,1.3521480000235897
W4-128-H200-004,W4-128,128,230,494.96778200000335,1.3818399997944653
W4-128-H200-004,W4-128,144,262,560.0490090000676,1.4075260000936396
W4-128-H200-004,W4-128,160,285,628.8725819999854,1.346721000118123
W4-128-H200-004,W4-128,176,320,687.9130339998483,1.4015810002092621
W4-128-H200-004,W4-128,192,354,765.9538699999757,1.4368580000336806
W4-128-H200-005,W4-128,16,28,60.86850900010177,1.2700869997388509
W4-128-H200-005,W4-128,32,61,144.47657600021557,1.428693999969255
W4-128-H200-005,W4-128,48,92,197.0485980000376,1.319015999797557
W4-128-H200-005,W4-128,64,121,260.16169700005776,1.3693750001948501
W4-128-H200-005,W4-128,80,149,322.1691600001577,1.429520000328921
W4-128-H200-005,W4-128,96,172,366.9704549997732,1.3478569999278989
W4-128-H200-005,W4-128,112,200,439.3585660000099,1.4106580001680413
W4-128-H200-005,W4-128,128,228,490.2673080000568,1.3815420002174505
W4-128-H200-005,W4-128,144,256,590.1891859998614,1.3760329998149246
W4-128-H200-005,W4-128,160,280,604.8279510000611,1.4019689997439855
W4-128-H200-005,W4-128,176,308,670.8495610000682,1.410014000157389
W4-128-H200-005,W4-128,192,339,753.2500050001545,1.5494220001528447
