sid,world,turns,events,live_hash,full_fold,snapshot_suffix,restart_full,restart_snapshot,backend_load_after_crash,backend_crash_turns_lost,backend_load_autosaved
W1-H200-000,W1,200,352,1bb65d97aa2578bb,True,True,True,True,False,8,True
W1-H200-001,W1,200,344,6e290ce169701451,True,True,True,True,False,8,True
W1-H200-002,W1,200,353,c028508d02cfcddf,True,True,True,True,False,8,True
W1-H200-003,W1,200,370,e615dbd480a99d78,True,True,True,True,False,8,True
W1-H200-004,W1,200,357,59419fc86c6285fd,True,True,True,True,False,8,True
W1-H200-005,W1,200,384,7bd3de0ca49edf5e,True,True,True,True,False,8,True
W2a-H200-000,W2a,200,391,6931257a03ddc50f,True,True,True,True,False,8,True
W2a-H200-001,W2a,200,355,03f8fee96a496102,True,True,True,True,False,8,True
W2a-H200-002,W2a,200,374,4dc2c18fb3a0a80e,True,True,True,True,False,8,True
W2a-H200-003,W2a,200,363,4b72ef14e1c81b3b,True,True,True,True,False,8,True
W2a-H200-004,W2a,200,358,cd0ee9d23bfba352,True,True,True,True,False,8,True
W2a-H200-005,W2a,200,373,b36dd8a341b706ae,True,True,True,True,False,8,True
W2b-H200-000,W2b,200,389,0a7eaa283c83ffa1,True,True,True,True,False,8,True
W2b-H200-001,W2b,200,391,1e698bf499c6b419,True,True,True,True,False,8,True
W2b-H200-002,W2b,200,356,9d27e69a9be43104,True,True,True,True,False,8,True
W2b-H200-003,W2b,200,397,3ade9a3f13b2e08f,True,True,True,True,False,8,True
W2b-H200-004,W2b,200,381,c3ceb6e4ce3f38a0,True,True,True,True,False,8,True
W2b-H200-005,W2b,200,372,38d113870aff843d,True,True,True,True,False,8,True
W2c-H200-000,W2c,200,371,f85cc9637f3112ea,True,True,True,True,False,8,True
W2c-H200-001,W2c,200,370,9bf8c49829fdd04b,True,True,True,True,False,8,True
W2c-H200-002,W2c,200,376,4bc8a55f16ab0799,True,True,True,True,False,8,True
W2c-H200-003,W2c,200,357,7fef15d414229d1b,True,True,True,True,False,8,True
W2c-H200-004,W2c,200,351,cb138cfcdc1d368b,True,True,True,True,False,8,True
W2c-H200-005,W2c,200,368,ab1b5115e0ac168e,True,True,True,True,False,8,True
W3-H200-000,W3,200,367,16e266b289eab58b,True,True,True,True,False,8,True
W3-H200-001,W3,200,377,2ea998e99c9ab00c,True,True,True,True,False,8,True
W3-H200-002,W3,200,376,efcec3269573636c,True,True,True,True,False,8,True
W3-H200-003,W3,200,372,8609f07d50fba669,True,True,True,True,False,8,True
W3-H200-004,W3,200,357,96198714fe80ecae,True,True,True,True,False,8,True
W3-H200-005,W3,200,368,a9e00f6bd070abff,True,True,True,True,False,8,True
W4-32-H200-000,W4-32,200,352,1dee5488a1149d1d,True,True,True,True,False,8,True
W4-32-H200-001,W4-32,200,367,fd689cd76e1d3151,True,True,True,True,False,8,True
W4-32-H200-002,W4-32,200,358,fa41c82b76d8995d,True,True,True,True,False,8,True
W4-32-H200-003,W4-32,200,372,0873443559af7e85,True,True,True,True,False,8,True
W4-32-H200-004,W4-32,200,357,f679de3ed94b4fc3,True,True,True,True,False,8,True
W4-32-H200-005,W4-32,200,365,a2400108b97e6891,True,True,True,True,False,8,True
W4-128-H200-000,W4-128,200,360,b730edabc91a07e0,True,True,True,True,False,8,True
W4-128-H200-001,W4-128,200,356,1575509f56c698ec,True,True,True,True,False,8,True
W4-128-H200-002,W4-128,200,363,347dfc9c9d2eab64,True,True,True,True,False,8,True
W4-128-H200-003,W4-128,200,374,3637b5151d3e64c8,True,True,True,True,False,8,True
W4-128-H200-004,W4-128,200,373,32d6c983e1f10cfc,True,True,True,True,False,8,True
W4-128-H200-005,W4-128,200,356,fdf92cb8c4cf01a8,True,True,True,True,False,8,True
