Condition,Parse success (%),Gold in prompt (%),Distractor in prompt (%),Confused with distractor (%),Recall@6 (%),Input tokens / 100 turns,Output tokens / 100 turns,Prompt trimmed by system cap (%)
Proposed (dual-tier + barrier),"98.1 [97.1, 99.1]","100.0 [100.0, 100.0]","57.0 [52.9, 61.4]","0.9 [0.2, 1.8]","100.0 [100.0, 100.0]","139,898","15,394",0.0
B0 Full history,"98.9 [98.0, 99.6]","100.0 [100.0, 100.0]","100.0 [100.0, 100.0]","3.7 [1.9, 5.8]",n/a,"431,032","14,117",0.0
"B1 Rolling, B","99.1 [98.3, 99.8]","35.7 [33.2, 38.3]","59.6 [56.0, 63.3]","14.4 [11.4, 17.6]",n/a,"139,831","15,574",0.0
"B1 Rolling, 2B","99.6 [99.1, 100.0]","57.4 [54.1, 60.8]","74.3 [70.9, 77.8]","11.3 [9.0, 13.7]",n/a,"182,309","14,164",0.0
B2 Vector memory,"95.9 [93.8, 97.8]","99.1 [98.2, 99.8]","90.0 [87.4, 92.6]","0.2 [0.0, 0.6]","99.1 [98.2, 99.8]","110,154","16,000",0.0
B3 Generic RAG,"98.5 [97.4, 99.4]","98.0 [96.8, 99.0]","87.6 [84.7, 90.3]","7.4 [5.4, 9.4]","98.0 [96.8, 98.9]","120,923","15,349",0.0
A1 No long-term memory,"99.4 [98.7, 100.0]","20.0 [19.1, 20.9]","52.6 [48.9, 56.4]","20.6 [17.7, 23.6]",n/a,"130,763","15,131",0.0
A2 No short-term buffer,"98.3 [97.1, 99.4]","100.0 [100.0, 100.0]","10.2 [7.6, 13.0]","0.0 [0.0, 0.0]","100.0 [100.0, 100.0]","108,486","14,941",0.0
A3 No scoping,"98.9 [98.0, 99.6]","98.9 [98.0, 99.6]","90.7 [88.7, 92.9]","0.2 [0.0, 0.6]","98.7 [97.7, 99.5]","141,690","15,460",0.0
A4 No fallback,"98.0 [96.9, 98.9]","100.0 [100.0, 100.0]","52.6 [49.1, 56.3]","1.1 [0.4, 2.0]","100.0 [100.0, 100.0]","138,781","15,457",0.0
