World,Backbone,Recall 20+: F4,Recall 20+: best baseline,Attack success: F4 barrier,Attack success: best baseline (direct)
W1,K2-Horizon-7B,"87.0 [75.0, 97.7]","B2: 87.0 [80.3, 94.2]","7.1 [1.4, 14.3]","B0: 18.6 [10.0, 28.6]"
W2a,K2-Horizon-7B,"90.7 [87.1, 95.7]","B2: 85.2 [80.8, 90.0]","2.9 [0.0, 7.1]","B0: 17.1 [8.6, 25.7]"
W2b,K2-Horizon-7B,"92.6 [86.5, 98.1]","B2: 87.0 [77.8, 94.6]","4.3 [0.0, 10.0]","B0: 8.6 [2.9, 15.7]"
W2c,K2-Horizon-7B,"83.3 [75.0, 91.7]","B2: 87.0 [78.3, 96.3]","2.9 [0.0, 7.1]","B2: 10.0 [4.3, 17.1]"
W3,K2-Horizon-7B,"79.6 [71.4, 88.6]","B2: 74.1 [63.8, 83.9]","1.4 [0.0, 4.3]","B0: 11.4 [4.3, 20.0]"
W4-32,K2-Horizon-7B,"87.0 [76.0, 96.4]","B0: 90.7 [82.6, 96.8]","4.3 [0.0, 10.0]","B0: 15.7 [7.1, 24.3]"
W4-128,K2-Horizon-7B,"92.6 [85.7, 100.0]","B2: 88.9 [81.8, 95.8]","2.9 [0.0, 7.1]","B0: 14.3 [7.1, 22.9]"
W1,K2-Horizon-3.7B,"100.0 [100.0, 100.0]","B2: 88.9 [66.7, 100.0]","0.0 [0.0, 0.0]","F4: 22.9 [12.9, 32.9]"
W2a,K2-Horizon-3.7B,"83.3 [66.7, 100.0]","B2: 72.2 [66.7, 83.3]","0.0 [0.0, 0.0]","F4: 14.3 [7.1, 22.9]"
W3,K2-Horizon-3.7B,"66.7 [66.7, 66.7]","B2: 66.7 [50.0, 83.3]","0.0 [0.0, 0.0]","F4: 17.1 [8.6, 25.7]"
W4-32,K2-Horizon-3.7B,"77.8 [50.0, 100.0]","B0: 66.7 [50.0, 83.3]","0.0 [0.0, 0.0]","F4: 20.0 [11.4, 30.0]"
