Condition,5,10,20,40,80,160
Proposed (dual-tier + barrier),"96.3 [92.6, 99.1]","85.2 [78.7, 91.7]","87.0 [80.6, 92.6]","89.8 [84.3, 94.4]","83.3 [75.0, 90.3]","91.7 [83.3, 100.0]"
B0 Full history,"75.0 [67.6, 82.4]","77.8 [69.4, 85.2]","78.7 [71.3, 86.1]","75.0 [65.7, 83.3]","86.1 [79.2, 93.1]","88.9 [77.8, 97.2]"
"B1 Rolling, B","86.1 [79.6, 91.7]","65.7 [55.6, 75.9]","0.0 [0.0, 0.0]","0.0 [0.0, 0.0]","0.0 [0.0, 0.0]","0.0 [0.0, 0.0]"
"B1 Rolling, 2B","81.5 [74.1, 88.0]","78.7 [69.4, 87.0]","75.0 [65.7, 83.3]","0.0 [0.0, 0.0]","0.0 [0.0, 0.0]","0.0 [0.0, 0.0]"
B2 Vector memory,"85.2 [78.7, 91.7]","82.4 [75.9, 88.9]","88.9 [82.4, 94.4]","80.6 [73.1, 88.0]","84.7 [75.0, 93.1]","86.1 [75.0, 94.4]"
B3 Generic RAG,"72.2 [63.0, 80.6]","69.4 [60.2, 78.7]","66.7 [57.4, 75.9]","68.5 [59.3, 77.8]","62.5 [50.0, 75.0]","44.4 [30.6, 58.3]"
A1 No long-term memory,"85.2 [77.8, 91.7]","0.0 [0.0, 0.0]","0.0 [0.0, 0.0]","0.0 [0.0, 0.0]","0.0 [0.0, 0.0]","0.0 [0.0, 0.0]"
A2 No short-term buffer,"86.1 [79.6, 91.7]","88.0 [82.4, 93.5]","90.7 [85.2, 95.4]","91.7 [87.0, 96.3]","84.7 [76.4, 93.1]","88.9 [77.8, 97.2]"
A3 No scoping,"94.4 [89.8, 98.1]","88.9 [82.4, 94.4]","82.4 [75.9, 88.9]","79.6 [71.3, 87.0]","80.6 [70.8, 90.3]","88.9 [77.8, 97.2]"
A4 No fallback,"94.4 [89.8, 98.1]","85.2 [78.7, 91.7]","88.0 [81.5, 94.4]","90.7 [85.2, 95.4]","84.7 [77.8, 91.7]","91.7 [83.3, 100.0]"
n (F4 probes),108,108,108,108,72,36
